<?xml version="1.0" encoding="UTF-8"?>
<MRCList>
    <MRC>
        <ID>RF91</ID>
        <Description>Verify Backup Completion</Description>
        <Periodicity>Daily</Periodicity>
        <HW_Baseline>HW1.2</HW_Baseline>
        <SW_Baseline>SW3.0</SW_Baseline>
        <Enclave>
            <UNCLASSIFIED />
            <SECRET />
            <SCI />
        </Enclave>
        <Tasks>
            <Task Server="BU01" Script="MRC-RF91-BU01.ps1" EveryHours="1" />
        </Tasks>
    </MRC>
    <MRC>
        <ID>RG05</ID>
        <Description>Verify Passwords Have Not Expired</Description>
        <Periodicity>Weekly</Periodicity>
        <HW_Baseline>HW1.2</HW_Baseline>
        <SW_Baseline>SW3.0</SW_Baseline>
        <Enclave>
            <UNCLASSIFIED/>
            <SECRET/>
            <SCI/>
        </Enclave>
        <Tasks>
            <Task Server="BU01" Script="MRC-RG05-BU01.ps1" EveryHours="1" />
            <Task Server="DC01" Script="MRC-RG05-DC01.ps1" EveryHours="1" />
        </Tasks>
    </MRC>
</MRCList>