﻿MIPSeries,MRC,Periodicity,ShipSystem,System,SubSystem,Equipment,Rate1,ManHours1,Rate2,ManHours2,Rate3,ManHours3,TotalManHours,ElapsedTime,MaintDesc,SafetyPrecautions,RequiredEquip,HazMat,Procedure,PDF,MRC-ID,ScriptPeriodicity,HWBaseline,SWBaseline,ServerList,ScriptList,EveryHoursList
4A02,40RF90N,D-1,Integrated Afloat Networks 4A0,C4I Networks 4A02,"AN/USQ-208(V)l,2,3,4,5,6,7 CANES SW3.0/HW1.2-MOD01 4A02","Servers/Controllers - NIPR, SIPR, SCI ",IT2,0.2,,,,,0.2,0.2,Verify SIEM Alerts,"Forces afloat comply with Navy Safety and Occupational Health (SOH) Program Manual for Forces Afloat, OPNA VINST 5100.19 series; shore activities comply with SOH Program Manual, OPNA VINST 5100.23 series.",None,,"Preliminary
Note 1: This procedure must be accomplished by a CANES System Administrator.
Note 2: This procedure has no network impact.
a.  Obtain appropriate server and system management password(s) prior to accomplishing this procedure.

1. Verify SIEM Alerts.
Note 3: This procedure should be run from a NIPR, SIPR or SCI workstation, depending on enclave being verified.
Note 4: If already logged into MRDS, proceed to step 1.h
a. Simultaneously press [CTRL], [ALT] and [DELETE] keys. 
b. When security banner opens, select OK 
c. Logon to workstation with appropriate administrator rights. 
d. Remote Desktop Connection to MRDS. 
e. Logon to Windows Security with appropriate administrator rights. 
f. When security banner opens, select OK . 
g. If successful logon banner opens, select OK . 
h. Select Sta1·t-> Microsoft System Center 2016-> Operations Console. 
i. Verify Operations Manager window opens. 
j. From lower left pane select Monitoring . 
k. From upper left pane, under Monitoring , expand SIEM Alerts and select SIEM Alerts .
l. In middle pane, look for any warning, error, or security breach. 
m. Close Operations Manager window. 
Note 5: If completing additional maintenance, steps 1.n through 1.p are not required until all maintenance is completed. 
n. Log off MRDS remote connection by right-clicking Start -> Shut down or sign out -> Sign out. 
o. Log off workstation. 
p. Return equipment to readiness condition. ",RF90 REDACTED,,,,,,,
4A02,40RF91N,D-2,Integrated Afloat Networks 4A0,C4I Networks 4A02,"AN/USQ-208(V)l,2,3,4,5,6,7 CANES SW3.0/HW1.2-MOD01 4A02","Servers/Controllers - NIPR, SIPR, SCI ",IT2,0.5,,,,,0.5,0.5,Verify Backup Completion,"Forces afloat comply with Navy Safety and Occupational Health (SOH) Program Manual for Forces Afloat, OPNA VINST 5100.19 series; shore activities comply with SOH Program Manual, OPNA VINST 5100.23 series.",None,,"Preliminary
Note 1: This procedure must be accomplished by a CANES System Administrator.
Note 2: This procedure has no network impact.
a.  Obtain appropriate server and system management password(s) prior to accomplishing this procedure.

1. Verify Backup Completion.
Note 3: This procedure should be run from a NIPR, SIPR, or SCI workstation, depending on enclave being verified.
Note 4: If already logged into BU01, proceed to step 1.h.
a. Simultaneously press [CTRL], [ALT] and [DELETE] keys. 
b. When security banner opens, select OK.
c. Logon to workstation with appropriate administrator rights. 
d. Remote Desktop Connection to BU01. 
e. Logon to Windows Security with appropriate administrator rights. 
f. When security banner opens, select OK. 
g. If successful logon banner opens, select OK. 
h. Select Start-> Veeam-> Veeam Backup and Replication Console. 
i. If User Access Control window opens select Yes. 
j. Verify Veeam Backup and Replication 9.X window opens. 
k. Verify that BUOl is listed as backup server and Use Windows Session Authentication is checked.
l. Select Connect . 
m. If Support Contact Expired window opens with option to select OK, select OK . 
n. Select Jobs from left pane. 
o. Verify that all jobs listed under Name column show Success at Last Result column. 
p. Close Veeam Backup and Replication window. 
Note 5: If completing additional maintenance, steps 1.q through 1.s are not required until all maintenance is completed.
q. Log offBUOl remote connection by right-clicking Start - Shut down or sign out - Sign out.
r. Log off workstation. 
s. Return equipment to readiness condition.  ",RF91 REDACTED,RF91,Daily,HW1.2,SW3.0,[BU01],[MRC-RF91-BU01.ps1],[1]
4A02,40RF92N,D-3,Integrated Afloat Networks 4A0,C4I Networks 4A02,"AN/USQ-208(V)l,2,3,4,5,6,7 CANES SW3.0/HW1.2-MOD01 4A02","Servers/Controllers - NIPR, SIPR, SCI ",IT2,0.2,,,,,0.2,0.2,Verify Domain Controller Replication,"Forces afloat comply with Navy Safety and Occupational Health (SOH) Program Manual for Forces Afloat, OPNA VINST 5100.19 series; shore activities comply with SOH Program Manual, OPNA VINST 5100.23 series.",None,,"Preliminary
Note 1: This procedure must be accomplished by a CANES System Administrator.
Note 2: This procedure has no network impact.
a.  Obtain appropriate server and system management password(s) prior to accomplishing this procedure.

1. Verify Domain Controller Replication.
Note 3: This procedure should be run from a NIPR, SIPR, or SCI workstation, depending on enclave being verified.
Note 4: If already logged into MRDS, proceed to step 1.i.
a. Simultaneously press [CTRL], [ALT] and [DELETE] keys. 
b. When security banner opens, select OK.
c. Logon to workstation with appropriate administrator rights. 
d. Remote Desktop Connection to MRDS. 
e. Logon to Windows Security with appropriate administrator rights. 
f. When security banner opens, select OK. 
g. If successful logon banner opens, select OK. 
h. Remote Desktop Connection to DC02. 
i. Select Start-> 'Windows Administrative Tools -> Active Directory 
j. Sites and Services. If User Access Control window opens select Yes 
k. Verify Active Directory Sites and Services window opens.
l. Expand Sites -> Default-first-site-name -> Servers -> DCOl . 
m. Select NTDS Settings . 
n. In right pane, right-click Automatically generated and select Replicate now. 
o. Verify Active Directory Domain Services has replicated the connections and select OK.
p. Repeat steps 1.l through 1.o for all domain controllers as applicable to enclave being verified. 
q. Close Active Directory Sites and Services window. 
r. Logoff DC02 remote connection. 
Note 5: If completing additional maintenance, steps 1.s through 1.u are not required until all maintenance is completed. 
s. Log offMRDS remote connection by right-clicking Start -> Shut down or sign out -> Sign out. 
t. Log off workstation. 
u. Return equipment to readiness condition. ",RF92 REDACTED,,,,,,,
4A02,40RF93N,D-4,Integrated Afloat Networks 4A0,C4I Networks 4A02,"AN/USQ-208(V)l,2,3,4,5,6,7 CANES SW3.0/HW1.2-MOD01 4A02",Servers/Controllers - SR,IT2,0.2,,,,,0.2,0.2,Verify SIEM Alerts,"Forces afloat comply with Navy Safety and Occupational Health (SOH) Program Manual for Forces Afloat, OPNA VINST 5100.19 series; shore activities comply with SOH Program Manual, OPNA VINST 5100.23 series.",None,,"Preliminary
Note 1: This procedure must be accomplished by a CANES System Administrator.
Note 2: This procedure has no network impact.
Note 3: This procedure must be run on all Secret Releasable enclaves
a.  Obtain appropriate server and system management password(s) prior to accomplishing this procedure.

1. Verify SIEM Alerts.
Note 4: If already logged into MRDS, proceed to step 1.o.
Note 5: Cross Domain Solution username can't be an Active Directory username unless ship's force has made it the same as the Active Directory user ID.
a. At Trusted Thin Client window:
(1) Type Cross Domain Solution usemame and press [ENTER].
(2) Type Cross Domain Solution password then press [ENTER].
Note 6: Force Read time counter will show in upper right of screen for 3 seconds and then switch to Response time counter for 45 seconds.
b. When Response time counter is running, select Accept. in lower left corner of screen. 
c. Select Home icon.
d. Scroll to Enclave . 
e. Select Logon to enclave (e.g. Korea). 
f. Type username and password . 
g. Select Domain 
h. Select OK. 
i. When security banner opens, select OK . 
j. Logon to workstation with appropriate administrator rights. 
k. Remote Desktop Connection to MRDS. 
l. Logon to Windows Security with appropriate administrator rights. 
m. When security banner opens, select OK . 
n. If successful logon banner opens, select OK . 
o. Select Start-> Microsoft System Center 2016-> Operations Console. 
p. Verify Operations Manager window opens. 
q. From lower left pane select Monitoring . 
r. From upper left pane, under Monitoring , expand SIEM Alerts and select SIEM Alerts
s. In middle pane, look for any warning, error, or security breach. 
t. Close Operations Manager window. 
Note 7: If completing additional maintenance, steps 1.u through 1.w are not required until all maintenance is completed. 
u. Log off MRDS remote connection by right-clicking Start-> Shut down or sign out-> Sign out. 
v. Log off workstation. 
w. Return equipment to readiness condition. ",RF93 REDACTED,,,,,,,
4A02,40RF94N,D-5,Integrated Afloat Networks 4A0,C4I Networks 4A02,"AN/USQ-208(V)l,2,3,4,5,6,7 CANES SW3.0/HW1.2-MOD01 4A02",Servers/Controllers - SR,IT2,0.5,,,,,0.5,0.5,Verify Backup Completion,"Forces afloat comply with Navy Safety and Occupational Health (SOH) Program Manual for Forces Afloat, OPNA VINST 5100.19 series; shore activities comply with SOH Program Manual, OPNA VINST 5100.23 series.",None,,"Preliminary
Note 1: This procedure must be accomplished by a CANES System Administrator.
Note 2: This procedure has no network impact.
Note 3: This procedure must be run on all Secret Releasable enclaves
a.  Obtain appropriate server and system management password(s) prior to accomplishing this procedure.

1. Verify Backup Completion.
Note 4: If already logged into MRDS, proceed to step 1.o.
Note 5: Cross Domain Solution username can't be an Active Directory username unless ship's force has made it the same as the Active Directory user ID.
a. At Trusted Thin Client window:
(1) Type Cross Domain Solution usemame and press [ENTER].
(2) Type Cross Domain Solution password then press [ENTER].
Note 6: Force Read time counter will show in upper right of screen for 3 seconds and then switch to Response time counter for 45 seconds.
b. When Response time counter is running, select Accept. in lower left corner of screen. 
c. Select Home icon.
d. Scroll to Enclave . 
e. Select Logon to enclave (e.g. Korea). 
f. Type username and password . 
g. Select Domain 
h. Select OK. 
i. When security banner opens, select OK . 
j. Logon to workstation with appropriate administrator rights. 
k. Remote Desktop Connection to MRDS. 
l. Logon to Windows Security with appropriate administrator rights. 
m. When security banner opens, select OK . 
n. If successful logon banner opens, select OK . 
o. Select Start-> Veeam-> Veeam Backup and Replication Console. 
p. If User Access Control window opens select Yes . 
q. Verify Veeam Backup and Replication 9.X window opens. 
r. Verify that BU01 is listed as backup server and Use Windows Session Authentication is checked. 
s. Select Connect . 
t. If Support Contact Expired window opens with option to select OK, select OK . 
u. Select Jobs from left pane. 
v. Verify that all jobs listed under Name column show Success at Last Result column. 
w. Close Veeam Backup and Replication window. 
Note 7: If completing additional maintenance, steps 1.x through 1.z are not required until all maintenance is completed. 
x. Log off MRDS remote connection by right-clicking Start-> Shut down or sign out-> Sign out. 
y. Log off workstation. 
z. Return equipment to readiness condition. ",RF94 REDACTED,,,,,,,
4A02,40RF95N,D-6,Integrated Afloat Networks 4A0,C4I Networks 4A02,"AN/USQ-208(V)l,2,3,4,5,6,7 CANES SW3.0/HW1.2-MOD01 4A02","Servers/Controllers - NIPR, SIPR, SCI ",IT2,1.5,,,,,1.5,1.5,Verify UPS Network Event Logs.,"Forces afloat comply with Navy Safety and Occupational Health (SOH) Program Manual for Forces Afloat, OPNA VINST 5100.19 series; shore activities comply with SOH Program Manual, OPNA VINST 5100.23 series.",None,,"Preliminary
Note 1: This procedure must be accomplished by a CANES System Administrator.
Note 2: This procedure has no network impact.
a.  Obtain appropriate server and system management password(s) prior to accomplishing this procedure.
b. Obtain Web Address from production IP plan

1. Verify UPS Network Event Logs.
Note 3: This procedure should be run from a NIPR, SIPR, or SCI workstation, depending on enclave being verified.
Note 4: If already logged into MRDS, proceed to step 1.h.
a. Simultaneously press [CTRL], [ALT] and [DELETE] keys. 
b. When security banner opens, select OK.
c. Logon to workstation with appropriate administrator rights. 
d. Remote Desktop Connection to MRDS. 
e. Logon to Windows Security with appropriate administrator rights. 
f. When security banner opens, select OK. 
g. If successful logon banner opens, select OK. 
h. Select and open an authorized web browser (e.g., Mozilla Firefox, Internet Explorer).
Note 5: Obtain IP address or host name of UPS (e.g., from IP address spreadsheet, production IP Plan, etc.) for NIPR, SIPR and SCI enclaves.
i. At web browser address bar, type UPS host name ""https://Hostname.fqdn "" and press [ENTER]. 
j. Verify Windows Security window opens. 
k. Type user name and press [TAB]. 
l. Type password and select OK . 
m. Verify NetAgent IX window opens. 
n. Select Log Information from left pane. 
o. Select Event Log from Log information and verify no messages are displayed that read failed.
p. If failed is displayed, verify that email was sent by checking upper right corner: 
(1)	Select Configuration from left pane.
(2)	Select Email .
(3)	Add ""noreply@{UPS name} "" in sending test mail field.
( 4)	Select Test Mail .
(5)	Check status in Events Window in upper right comer. 
q. Repeat step 1.i through 1.o for remaining UPS on enclave. 
r. Close web browser by selecting X in upper right comer.
Note 6: If completing additional maintenance, steps 1.s through 1.u are not required until all maintenance is completed. 
s.Log off MRDS remote connection by right-clicking Start - Shut down or sign out - Sign out.
t. Log off workstation. 
u. Return equipment to readiness condition. ",RF95 REDACTED,,,,,,,
4A02,40RF96N,D-7,Integrated Afloat Networks 4A0,C4I Networks 4A02,"AN/USQ-208(V)l,2,3,4,5,6,7 CANES SW3.0/HW1.2-MOD01 4A02",Servers/Controllers - SR,IT2,1.5,,,,,1.5,1.5,Verify UPS Network Event Logs.,"Forces afloat comply with Navy Safety and Occupational Health (SOH) Program Manual for Forces Afloat, OPNA VINST 5100.19 series; shore activities comply with SOH Program Manual, OPNA VINST 5100.23 series.",None,,"Preliminary
Note 1: This procedure must be accomplished by a CANES System Administrator.
Note 2: This procedure has no network impact.
Note 3: This procedure must be run on all Secret Releasable enclaves.
a.  Obtain appropriate server and system management password(s) prior to accomplishing this procedure.
b. Obtain Web Address from production IP plan

1. Verify UPS Network Event Logs.
Note 4: If already logged into MRDS, proceed to step 1.o.
Note 5: Cross Domain Solution username can't be an Active Directory username unless ship's force has made it the same as the Active Directory user ID.
a. At Trusted Thin Client window:
(1) Type Cross Domain Solution usemame and press [ENTER].
(2) Type Cross Domain Solution password then press [ENTER].
Note 6: Force Read time counter will show in upper right of screen for 3 seconds and then switch to Response time counter for 45 seconds.
b. When Response time counter is running, select Accept. in lower left corner of screen. 
c. Select Home icon.
d. Scroll to Enclave . 
e. Select Logon to enclave (e.g. Korea). 
f. Type username and password . 
g. Select Domain 
h. Select OK. 
i. When security banner opens, select OK . 
j. Logon to workstation with appropriate administrator rights. 
k. Remote Desktop Connection to MRDS. 
l. Logon to Windows Security with appropriate administrator rights. 
m. When security banner opens, select OK . 
n. If successful logon banner opens, select OK . 
o.  Select and open an authorized web browser (e.g., Mozilla Firefox, Internet Explorer).
Note 7: Obtain IP address or host name of UPS (e.g., from IP address spreadsheet, production IP Plan, etc.) for NIPR, SIPR and SCI enclaves.
p. At web browser address bar, type UPS host name ""https://Hostname.fqdn "" and press [ENTER]. 
q. Verify Windows Security window opens. 
r. Type user name and press [TAB]. 
s. Type password and select OK . 
t. Verify NetAgent IX window opens. 
u. Select Log Information from left pane. 
v. Select Event Log from Log information and verify no messages are displayed that read failed.
w. If failed is displayed, verify that email was sent by checking upper right corner: 
(1)	Select Configuration from left pane.
(2)	Select Email .
(3)	Add ""noreply@{UPS name} "" in sending test mail field.
( 4)	Select Test Mail .
(5)	Check status in Events Window in upper right comer. 
x. Repeat step 1.p through 1.v for remaining UPS on enclave. 
y. Close web browser by selecting X in upper right comer.
Note 8: If completing additional maintenance, steps 1.z through 1.ab are not required until all maintenance is completed. 
z.Log off MRDS remote connection by right-clicking Start - Shut down or sign out - Sign out.
aa. Log off workstation. 
ab. Return equipment to readiness condition. ",RF96 REDACTED,,,,,,,
4A02,40RF97N,D-8,Integrated Afloat Networks 4A0,C4I Networks 4A02,"AN/USQ-208(V)l,2,3,4,5,6,7 CANES SW3.0/HW1.2-MOD01","Servers/Controllers - SIPR, SCI",IT2,0.5,,,,,0.5,0.5,Verify ACS Web Endpoints.,"Forces afloat comply with Navy Safety and Occupational Health (SOH) Program Manual for Forces Afloat, OPNA VINST 5100.19 series; shore activities comply with SOH Program Manual, OPNA VINST 5100.23 series.",None,,"Preliminary
Note 1: This procedure must be accomplished by a CANES System Administrator.
Note 2: This procedure has no network impact.
a.  Obtain appropriate server and system management password(s) prior to accomplishing this procedure.
b. Obtain SIPR token and PIN prior to accomplishing this procedure

1. Verify ACS Web Endpoints.
Note 3: This procedure should be run from a SIPR or SCI workstation, depending on enclave being verified.
Note 4: If already logged into MRDS, proceed to step 1.j.
a. Simultaneously press [CTRL], [ALT] and [DELETE] keys. 
b. When security banner opens, select OK . 
c. Logon to workstation: 
( 1)	Type user name with appropriate administrator rights then press [TAB].
(2)	Type password then press [ENTER].
d. If successful logon banner opens, select OK .
e. Select Start -> All Programs -> Accessories -> Remote Desktop Connection . 
f. When Remote Desktop Connection window opens, type ""MRDS "" and select Connect.
g. When 'Windows Security window opens:
(1) Type user name with appropriate administrator rights then press [TAB] if needed. 
(2) Type password then select [ENTER].
h. When security banner opens, select OK . 
i. If successfol logon banner opens, select OK . 
j. Select Start -> All Programs . 
k. Select and open an authorized web browser (e.g., Mozilla Firefox, Intemet Explorer). 
l. At web browser address bar, type location/host name from Table 1 then press [ENTER).
m. If Mozilla Firefox is selected and Untrusted Connection window opens:  
(1) Select Add exception at I understand the risk section. 
(2) Verify Add Security Exception window opens and ensure permanently store this exception is checked. 
(3) Select Confirm Security Exception
n. If lntemet Explorer is selected and Certiilcate Error: Navigation Blocked window opens, select Continue to this website (not recommended).
o. If Windows Security window opens and asks for a certificate, select Cancel.
Note 5: Table 1 shows each location/host name.

Service, Host Name, Location, SIP, SCI
Storefront TCMP, ACS-SA, https://[ acs-sa _fqdn )/owf, X, X
 , , https:/ /[ acstcmp _ fqdn )/marketplace, X, X
Storefront TCMP Security, ACS-SS, https://[acstcmp security fqdn)/openam, X, X
Geospatial Access Layer, ACS-GS, https://[ acsgeo _fqdn )/services, X, X
, , https://[ acsgeo _gqdn )/arcgis/manager, X, X
, , https://[ acsgeo fqdn )/arcgis/adrnin, X, X

p. Type user name with approp1-iate administrator 1-ights then press [TAB). 
q. Type password then select Login 
r. If Security Warning window opens, select Ignore 
s. If Message of the Day opens, select OK. 
t. Verify ACS web address login and services are running. 
u. Logout from ACS by selecting X in upper right comer or selecting logoff/signoff. 
v. Close web browser by selecting X in upper right corner. 
w. Repeat steps 1.l through 1.v for each location/host name listed in Table 1. 
Note 6: If completing additional maintenance, steps 1.x through 1.z are not required until all maintenance is completed. 
x. Log off MRDS remote connection by selecting Start -> Log off.
y. Log off workstation. 
z. Return equipment to readiness condition. ",RF97 REDACTED,,,,,,,
4A02,40RF98N,W-1,Integrated Afloat Networks 4A0,C4I Networks 4A02,"AN/USQ-208(V)l,2,3,4,5,6,7 CANES SW3.0/HW1.2-MOD01 4A02","Servers/Controllers - NIPR, SIPR, SCI",IT2,0.2,,,,,0.2,0.2,Verify Windows Logon Profile Size.,"Forces afloat comply with Navy Safety and Occupational Health (SOH) Program Manual for Forces Afloat, OPNA VINST 5100.19 series; shore activities comply with SOH Program Manual, OPNA VINST 5100.23 series.",None,,"Preliminary
Note 1: This procedure must be accomplished by a CANES System Administrator.
Note 2: This procedure has no network impact.
a.  Obtain appropriate server and system management password(s) prior to accomplishing this procedure.

1. Verify Windows Logon Profile Size.
Note 3: This procedure should be run from a NIPR, SIPR or SCI workstation, depending on enclave being verified.
Note 4: If already logged into MCA01, proceed to step 1.g.
a. Simultaneously press [CTRL], [ALT] and [DELETE] keys. 
b. When security banner opens, select OK . 
c. Logon to workstation with appropriate administrator rights. 
d. Remote Desktop Connection to MCA0l. 
e. When security banner opens, select OK 
f. If successful logon banner opens, select OK . 
g. Select Start-> 'Windows Adminish·ative Tools -> Group Policy Management . 
h. When User Access Control window opens select Yes. 
i. Verify Group Policy Management window opens. 
Note 5: Link will be different depending on enclave being audited; for NIPR enclave, use fqdn (e.g., 
ddg74.navy.mil); for SIPR enclave, use fqdn (e.g., ddg74.navy.smil.mil); for SCI enclave, use fqdn (e.g., ddg74.navy.ic.gov).
j. Expand+ Forest:{fqdn}. 
k. Expand Domains 
l. Expand {fqdn} 
m. From left pane, expand Group Policy Objects 
n. Select CANES Limit Profile Size . 
o. If Group Policy Management Console window opens, select OK . 
p. In right pane, verify fqdn is selected from Display links in this location drop down menu. 
q. Verify in Security Filtering section, Authenticated Users is applied. 
r. From right pane, select Settings tab and select show all. 
s. Scroll down to System/User profiles policy window and verify Settings and comments collumns match table 1.

Policy, Settings, Comment
Limit Profile Size, Enabled, 
Max profile size (KB), , 819200
Show registry files in the file list, , Disabled
Notify user when profile storage space is exceeded, , Enabled
Remind user every X minutes, , 15
Table 1 System/User Profile

t. Close Group Policy Management window. 
Note 6: If completing additional maintenance, steps 1.u through 1.w are not required until all maintenance is completed. 
u. Log off MCA0l remote connection by right-clicking Start -> Shut down or sign out -> Sign out. 
v. Log off workstation. 
w. Return equipment to readiness condition. ",RF98 REDACTED,,,,,,,
4A02,40RF99N,W-2,Integrated Afloat Networks 4A0,C4I Networks 4A02,"AN/USQ-208(V)l,2,3,4,5,6,7 CANES SW3.0/HW1.2-MOD01 4A02","Servers/Controllers - NIPR, SIPR, SCI",IT2,0.2,,,,,0.2,0.2,Verify Sync Between ISE0l and ISE02.,"Forces afloat comply with Navy Safety and Occupational Health (SOH) Program Manual for Forces Afloat, OPNA VINST 5100.19 series; shore activities comply with SOH Program Manual, OPNA VINST 5100.23 series.",None,,"Preliminary
Note 1: This procedure must be accomplished by a CANES System Administrator.
Note 2: This procedure has no network impact.
a.  Obtain appropriate server and system management password(s) prior to accomplishing this procedure.

1. Verify Sync Between ISE0l and ISE02.
Note 3: This procedure should be run from a NIPR, SIPR, or SCI workstation, depending on enclave being verified.
Note 4: If already logged into MRDS, proceed to step 1.h.
a. Simultaneously press [CTRL], [ALT] and [DELETE] keys. 
b. When security banner opens, select OK.
c. Logon to workstation with appropriate administrator rights. 
d. Remote Desktop Connection to MRDS. 
e. Logon to Windows Security with appropriate administrator rights. 
f. When security banner opens, select OK. 
g. If successful logon banner opens, select OK. 
h. Select and open an authorized web browser (e.g., Mozilla Firefox, Internet Explorer).
i. At web address bar type ""https://ISE0l.fqdn"" and press [ENTER]. 
j. Verify ISE login window opens then type usemame and password and press [ENTER]. 
k. When ISE post login banner opens select Accept and Close . 
l. From Administration pulldown select Deployment 
m. Under Node Status in right pane verify that a green square with a white checkmark appears for ISEOl and ISE02. 
n. Close browser window. 
Note 5: If completing additional maintenance, steps 1.o through 1.q are not required until all maintenance is completed. 
o. Log off MRDS remote connection by right-clicking Start -> Shut down or sign out -> Sign out. 
p. Log off workstation. 
q. Return equipment to readiness condition. ",RF99 REDACTED,,,,,,,
4A02,40RG00N,W-3,Integrated Afloat Networks 4A0,C4I Networks 4A02,"AN/USQ-208(V)l,2,3,4,5,6,7 CANES SW3.0/HW1.2-MOD01 4A02","Servers/Controllers - NIPR, SIPR, SCI",IT2,0.3,,,,,0.3,0.3,Verify Servers Have Sufficient Free Space on System Drive.,"Forces afloat comply with Navy Safety and Occupational Health (SOH) Program Manual for Forces Afloat, OPNA VINST 5100.19 series; shore activities comply with SOH Program Manual, OPNA VINST 5100.23 series.",None,,"Preliminary
Note 1: This procedure must be accomplished by a CANES System Administrator.
Note 2: This procedure has no network impact.
a.  Obtain appropriate server and system management password(s) prior to accomplishing this procedure.

1. Verify Servers Have Sufficient Free Space on System Drive.
Note 3: This procedure should be run from a NIPR, SIPR, or SCI workstation, depending on enclave being verified.
Note 4: If already logged into MRDS, proceed to step 1.h.
a. Simultaneously press [CTRL], [ALT] and [DELETE] keys. 
b. When security banner opens, select OK.
c. Logon to workstation with appropriate administrator rights. 
d. Remote Desktop Connection to MRDS. 
e. Logon to Windows Security with appropriate administrator rights. 
f. When security banner opens, select OK. 
g. If successful logon banner opens, select OK. 
h. Select Start -> Microsoft System Center 2016 -> Operations Console.
i. Verify Operations Manager window opens. 
j. From lower left pane select Reporting. 
k. From upper left pane, under Reporting , select Windows Server Operating System Reports.
l. From middle pane double-click Perfo1·mance by System.
Note 5: When selecting day, select one that will provide six days of data (e.g., if today is Wednesday, select last Tuesday). 
m. In left pane, from From pulldown, highlight Previous Week, then select day that was six days ago. 
n. From middle pane select Add Group . 
o. In Add Group window, type ""windows server computer group "" in Group Name field and select Search 
p. Verify Windows Server Computer Group appears in Available Items pane. 
q. Highlight Windows Server Computer Group and select Add . 
r. Verify Windows Server Computer Grnup appears in Selected Objects pane under Objects. 
s. In right pane, under Resources , uncheck all checkboxes except Logical Disks . 
t. Select Run from upper left corner. 
u. Verify Report is generated. 
v. From table in Report, under Logical Disks, verify Average Percent Space Used Trend shows healthy (green) for all volumes on all servers. 
w. Close Report window. 
x. Close Operations Manager window. 
Note 6: If completing additional maintenance, steps 1.y through 1.aa are not required until all maintenance is completed. 
y. Log off MRDS remote connection by right-clicking Start -> Shut down or sign out -> Sign out.
z. Log off workstation. 
aa. Return equipment to readiness condition. ",RG00 REDACTED,,,,,,,
4A02,40RG01N,W-4,Integrated Afloat Networks 4A0,C4I Networks 4A02,"AN/USQ-208(V)l,2,3,4,5,6,7 CANES SW3.0/HW1.2-MOD01 4A02","Servers/Controllers - NIPR, SIPR, SCI",IT2,0.2,,,,,0.2,0.2,Verify Server Share Drive Configuration.,"Forces afloat comply with Navy Safety and Occupational Health (SOH) Program Manual for Forces Afloat, OPNA VINST 5100.19 series; shore activities comply with SOH Program Manual, OPNA VINST 5100.23 series.",None,,"Preliminary
Note 1: This procedure must be accomplished by a CANES System Administrator.
Note 2: This procedure has no network impact.
a.  Obtain appropriate server and system management password(s) prior to accomplishing this procedure.

1. Verify Server Share Drive Configuration.
Note 3: This procedure should be run from a NIPR, SIPR, or SCI workstation, depending on enclave being verified.
Note 4: If already logged into MRDS, proceed to step 1.h.
a. Simultaneously press [CTRL], [ALT] and [DELETE] keys. 
b. When security banner opens, select OK.
c. Logon to workstation with appropriate administrator rights. 
d. Remote Desktop Connection to MRDS. 
e. Logon to Windows Security with appropriate administrator rights. 
f. When security banner opens, select OK. 
g. If successful logon banner opens, select OK. 
h. Remote Desktop Connection to FS01. 
i. When security banner opens select OK . 
j. If successful logon banner opens, select OK . 
k. Open File Explorer and select This PC from left pane. 
l. Double-click Drive (T:)
m. Verify Drive (T:) window opens. 
n. Verify Share folder exists. 
o. Highlight Share folder then right-click. 
p. Select Properties . 
q. Verify Share Properties window opens. 
r. Select Sharing tab. 
s. Verify Network Path at Network File and Folder sharing section is \\FSO1\Share .
t. Select Advanced Sha1ing . 
u. When Advanced Sha1ing window opens, select Permissions 
v. Verify in Permissions for Administrators section, the following are checked in Allow column:
 (1) Full Control
 (2) Change
 (3) Read
w. In same window, select User (FSO1\Users). 
x. Verify in Permissions for Users section, the following are checked in Allow column: 
 (1) Full Control
 (2) Change
 (3) Read
y. Close Advanced Sharing window.
z. Close Share Properties window. 
aa. Close Drive (T:) window.
ab. Sign out of FSO1 server.
Note 5: If completing additional maintenance, steps 1.ac through 1.ae are not required until all maintenance is completed. 
ac. Log off MRDS remote connection by right-clicking Start -> Shut down or sign out -> Sign out.
ad. Log off workstation. 
ae. Return equipment to readiness condition.",RG01 REDACTED,,,,,,,
4A02,40RG02N,W-5,Integrated Afloat Networks 4A0,C4I Networks 4A02,"AN/USQ-208(V)l,2,3,4,5,6,7 CANES SW3.0/HW1.2-MOD01 4A02","Servers/Controllers - NIPR, SIPR, SCI",IT2,0.5,,,,,0.5,0.5,Verify ISE Disk Free Space.,"Forces afloat comply with Navy Safety and Occupational Health (SOH) Program Manual for Forces Afloat, OPNA VINST 5100.19 series; shore activities comply with SOH Program Manual, OPNA VINST 5100.23 series.",None,,"Preliminary
Note 1: This procedure must be accomplished by a CANES System Administrator.
Note 2: This procedure has no network impact.
a.  Obtain appropriate server and system management password(s) prior to accomplishing this procedure.

1. Verify ISE Disk Free Space.
Note 3: This procedure should be run from a NIPR, SIPR, or SCI workstation, depending on enclave being verified.
Note 4: If already logged into MRDS, proceed to step 1.h.
a. Simultaneously press [CTRL], [ALT] and [DELETE] keys. 
b. When security banner opens, select OK.
c. Logon to workstation with appropriate administrator rights. 
d. Remote Desktop Connection to MRDS. 
e. Logon to Windows Security with appropriate administrator rights. 
f. When security banner opens, select OK. 
g. If successful logon banner opens, select OK. 
h. Open File Explorer. 
i. In navigation bar, type path: ""\\FS01\Software\Update build\AIC\bin"". 
j. Double-click Putty folder. 
k. Double-click Putty application. 
l. Verify Putty Configuration window opens. 
m. Type ""ISE01 ""at the Host Name (or IP Address) field and press [ENTER]. 
n. If Putty Security Alert window opens select Yes . 
o. When command line interface window opens type ""admin"" at Login as: and press [ENTER]. 
p. Type password at  Password and press [ENTER]. 
q. Type ""show disks "" and press [ENTER]. 
r. Verify that no more than 80% of space is used on all file systems and that there are no warnings.
s. Type ""exit"" and press [ENTER]. 
t. Close File Explorer 
Note 5: If completing additional maintenance, steps 1.u through 1.w are not required until all maintenance is completed. 
u. Log off MRDS remote connection by right-clicking Start -> Shut down or sign out -> Sign out.
v. Log off workstation. 
w. Return equipment to readiness condition. ",RG02 REDACTED,,,,,,,
4A02,40RG03N,W-6,Integrated Afloat Networks 4A0,C4I Networks 4A02,"AN/USQ-208(V)l,2,3,4,5,6,7 CANES SW3.0/HW1.2-MOD01 4A02","Servers/Controllers - NIPR, SIPR, SCI",IT2,0.2,,,,,0.2,0.2,Verify Exchange Server(s) Have Sufficient Free Space On Transaction Log Volumes.,"Forces afloat comply with Navy Safety and Occupational Health (SOH) Program Manual for Forces Afloat, OPNA VINST 5100.19 series; shore activities comply with SOH Program Manual, OPNA VINST 5100.23 series.",None,,"Preliminary
Note 1: This procedure must be accomplished by a CANES System Administrator.
Note 2: This procedure has no network impact.
a.  Obtain appropriate server and system management password(s) prior to accomplishing this procedure.

1. Verify Exchange Server(s) Have Sufficient Free Space On Transaction Log Volumes.
Note 3: This procedure should be run from a NIPR, SIPR, or SCI workstation, depending on enclave being verified.
Note 4: If already logged into MRDS, proceed to step 1.h.
a. Simultaneously press [CTRL], [ALT] and [DELETE] keys. 
b. When security banner opens, select OK.
c. Logon to workstation with appropriate administrator rights. 
d. Remote Desktop Connection to MRDS. 
e. Logon to Windows Security with appropriate administrator rights. 
f. When security banner opens, select OK. 
g. If successful logon banner opens, select OK. 
h. Open File Explorer. 
i. In navigation bar, type path: ""\\FS01\Software\Update build\AIC\bin"". 
j. Double-click Putty folder. 
k. Double-click Putty application. 
l. Verify Putty Configuration window opens. 
m. Type ""ISE01 ""at the Host Name (or IP Address) field and press [ENTER]. 
n. If Putty Security Alert window opens select Yes . 
o. When command line interface window opens type ""admin"" at Login as: and press [ENTER]. 
p. Type password at  Password and press [ENTER]. 
q. Type ""show disks "" and press [ENTER]. 
r. Verify that no more than 80% of space is used on all file systems and that there are no warnings.
s. Type ""exit"" and press [ENTER]. 
t. Close File Explorer 
Note 5: If completing additional maintenance, steps 1.u through 1.w are not required until all maintenance is completed. 
u. Log off MRDS remote connection by right-clicking Start -> Shut down or sign out -> Sign out.
v. Log off workstation. 
w. Return equipment to readiness condition. ",RG03 REDACTED,,,,,,,
4A02,40RG04N,W-7,Integrated Afloat Networks 4A0,C4I Networks 4A02,"AN/USQ-208(V)l,2,3,4,5,6,7 CANES SW3.0/HW1.2-MOD01 4A02","Servers/Controllers - NIPR, SIPR, SCI",IT2,0.3,,,,,0.3,0.3,Verify Backup of Network Configuration Files.,"Forces afloat comply with Navy Safety and Occupational Health (SOH) Program Manual for Forces Afloat, OPNA VINST 5100.19 series; shore activities comply with SOH Program Manual, OPNA VINST 5100.23 series.",None,,"Preliminary
Note 1: This procedure must be accomplished by a CANES System Administrator.
Note 2: This procedure has no network impact.
a.  Obtain appropriate server and system management password(s) prior to accomplishing this procedure.

1. Verify Exchange Server(s) Have Sufficient Free Space On Transaction Log Volumes.
Note 3: This procedure should be run from a NIPR, SIPR, or SCI workstation, depending on enclave being verified.
Note 4: If already logged into MRDS, proceed to step 1.h.
a. Simultaneously press [CTRL], [ALT] and [DELETE] keys. 
b. When security banner opens, select OK.
c. Logon to workstation with appropriate administrator rights. 
d. Remote Desktop Connection to MRDS. 
e. Logon to Windows Security with appropriate administrator rights. 
f. When security banner opens, select OK. 
g. If successful logon banner opens, select OK. 
h. Open File Explorer. 
i. At navigation bar type ""\\SCOM _NetMan\SCOM\Cisco _ Configuration\Backups "". 
j. Verify all switches and routers have a baseline configuration file (e.g. u-bb-rtr-101-fqdn.baseline).
k. Verify all switches and routers have a backup file no older than 24 hours. 
l. Close File Explorer.
Note 5: If completing additional maintenance, steps 1.m through 1.o are not required until all maintenance is completed. 
m. Log off MRDS remote connection by right-clicking Start -> Shut down or sign out -> Sign out.
n. Log off workstation. 
o. Return equipment to readiness condition. ",RG04 REDACTED,,,,,,,
4A02,40RG05N,W-8,Integrated Afloat Networks 4A0,C4I Networks 4A02,"AN/USQ-208(V)l,2,3,4,5,6,7 CANES SW3.0/HW1.2-MOD01 4A02","Servers/Controllers - NIPR, SIPR, SCI",IT2,0.2,,,,,0.2,0.2,Verify Passwords Have Not Expired.,"Forces afloat comply with Navy Safety and Occupational Health (SOH) Program Manual for Forces Afloat, OPNA VINST 5100.19 series; shore activities comply with SOH Program Manual, OPNA VINST 5100.23 series.",None,,"Preliminary
Note 1: This procedure must be accomplished by a CANES System Administrator.
Note 2: This procedure has no network impact.
a.  Obtain appropriate server and system management password(s) prior to accomplishing this procedure.
b. Obtain YUM server IP address.

1. Verify Passwords Have Not Expired.
Note 3: This procedure should be run from a NIPR, SIPR, or SCI workstation, depending on enclave being verified.
Note 4: If already logged into MRDS, proceed to step 1.a.(8).
a. Verify KERBEROS password: 
(1) Simultaneously press [CTRL], [ALT] and [DELETE] keys.
(2) When security banner opens, select OK .
(3) Logon to workstation with appropriate administrator rights.
(4) Remote Desktop Connection to MRDS.
(5) Logon to Windows Secturity with appropriate administrator rights.
(6) When security banner opens, select OK.
(7) If successful Logon banner opens, select OK .
(8) Remote Desktop Connection to MCA01.
(9) When Security Banner opens select OK.
(10) If successful logon banner opens, select OK.
(11) Right-click Start button and select Command Prompt (admin).
(12) If User Access Control window opens select Yes.
(13) Verify Administrative Command Prompt opens.
(14) Type ""net user svc.netiq /domain"" (i.e., net{space}user{space}svc.netiq{space}{slash}domain) and press [ENTER].
Note 5: If password has expired refer to SOM or IETM for password change procedure.
(15) Verify password has not expired.
(16) Type ""exit"" and press [ENTER].
(17) Logoff MCA0l remote connection.
Note 6: If already logged into MRDS, proceed to step 1.b.(8)
b. Verify local passwords:
(1) Simultaneously press [CTRL], [ALT] and [DELETE] keys.
(2) When security banner opens, select OK .
(3) Logon to workstation with apprnpriate administrator rights.
(4) Logon to MRDS.
(5) Logon to Windows Security with apprnpriate administrator rights.
(6) When security banner opens, select OK.
(7) If successful Logon banner opens, select OK.
(8) Remote Desktop Connection to BU01.
(9) When Security Banner opens select OK.
(10) If successful logon banner opens, select OK.
(11) Right-click Start button and select Command Prompt (admin).
(12) If User Access Control window opens select Yes.
(13) Verify Administrative Command Prompt opens.
(14)  Type ""net user veeam.administrator"" (i.e., net{space}user{space}veeam.administrator) and press [ENTER].
Note 7: If password has expired refer to SOM or IETM for password change prncedlU'e.
(15) Verify passwords have not expired.
(16) Type ""exit"" and press [ENTER).
(17) Logoff BU01 remote connection.
Note 8: If completing additional maintenance, steps 1.c thrnugh 1.e are not required until all maintenance is completed.
c. Log offMRDS remote connection by right-clicking Start -> Shut down or sign out -> Sign out.
d. Log off workstation. 
e. Return equipment to readiness condition. ",RG05 REDACTED,RG05,Weekly,HW1.2,SW3.0,"[BU01, DC01]","[MRC-RG05-BU01.ps1, MRC-RG05-DC01.ps1]","[1,1]"
4A02,40RG06N,W-9,Integrated Afloat Networks 4A0,C4I Networks 4A02,"AN/USQ-208(V)l,2,3,4,5,6,7 CANES SW3.0/HW1.2-MOD01 4A02","Servers/Controllers - NIPR, SIPR, SCI",IT2,0.2,,,,,0.2,0.2,Verify Backbone Router Redundancy.,"Forces afloat comply with Navy Safety and Occupational Health (SOH) Program Manual for Forces Afloat, OPNA VINST 5100.19 series; shore activities comply with SOH Program Manual, OPNA VINST 5100.23 series.",None,,"Preliminary
Note 1: This procedure must be accomplished by a CANES System Administrator.
Note 2: This procedure has no network impact.
a.  Obtain appropriate server and system management password(s) prior to accomplishing this procedure.

1. Verify Backbone Router Redundancy.
Note 3: This procedure should be run from a NIPR, SIPR, or SCI workstation, depending on enclave being verified.
Note 4: If already logged into MRDS, proceed to step 1.h.
a. Simultaneously press [CTRL], [ALT] and [DELETE] keys. 
b. When security banner opens, select OK.
c. Logon to workstation with appropriate administrator rights. 
d. Remote Desktop Connection to MRDS. 
e. Logon to Windows Security with appropriate administrator rights. 
f. When security banner opens, select OK. 
g. If successful logon banner opens, select OK. 
h. Open File Explorer. 
i. In navigation bar, type path: ""\\FS01\Software\Update build\AIC\bin"". 
j. Double-click Putty folder. 
k. Double-click Putty application. 
l. Verify Putty application window opens.
Note 5: Obtain DNS name of backbone router (e.g. U-BB-RTR0101) from production IP plan.
m. Type DNS name of backbone router at Host Name (or IP Address) field and press [ENTER]. 
n. If Putty Security Alert window opens select Yes 
o. When command line interface window opens, type administrator's user name belonging to Network Administrators group and press [ENTER]. 
p. Type password at Password and press [ENTER]. 
q. Type ""show {space} redundancy {space} states"" and press [ENTER]. 
r. Verify Peer state= X-STANDBY HOT.
s. Type ""exit"" and press [ENTER]. 
Note 6: If completing additional maintenance, steps 1.t through 1.v are not required until all maintenance is completed. 
t. Log off MRDS remote connection by right-clicking Start -> Shut down or sign out -> Sign out. 
u. Log off workstation. 
v. Return equipment to readiness condition. ",RG06 REDACTED,,,,,,,
4A02,40RG07N,W-10,Integrated Afloat Networks 4A0,C4I Networks 4A02,"AN/USQ-208(V)l,2,3,4,5,6,7 CANES SW3.0/HW1.2-MOD01 4A02",Servers/Controllers - SR,IT2,0.2,,,,,0.2,0.2,Verify Windows Logon Profile Size.,"Forces afloat comply with Navy Safety and Occupational Health (SOH) Program Manual for Forces Afloat, OPNA VINST 5100.19 series; shore activities comply with SOH Program Manual, OPNA VINST 5100.23 series.",None,,"Preliminary
Note 1: This procedure must be accomplished by a CANES System Administrator.
Note 2: This procedure has no network impact.
Note 3: This procedure must be run on all Secret Releasable enclaves
a.  Obtain appropriate server and system management password(s) prior to accomplishing this procedure.

1. Verify Windows Logon Profile Size.
Note 4: If already logged into MCA01, proceed to step 1.m.
Note 5: Cross Domain Solution username can't be an Active Directory username unless ship's force has made it the same as the Active Directory user ID.
a. At Trusted Thin Client window:
(1) Type Cross Domain Solution usemame and press [ENTER].
(2) Type Cross Domain Solution password then press [ENTER].
Note 6: Force Read time counter will show in upper right of screen for 3 seconds and then switch to Response time counter for 45 seconds.
b. When Response time counter is running, select Accept in lower left corner of screen.
c. Select Home icon.
d. Scroll to Enclave . 
e. Select Logon to enclave (e.g. Korea). 
f. Type username and password . 
g. Select Domain 
h. Select OK. 
i. When security banner opens, select OK . 
j. Remote Desktop Connection to MCA01. 
k. When security banner opens, select OK . 
l. If successfol logon banner opens, select OK . 
m. Select Start-> 'Windows Administrative Tools -> Group Policy Management . 
n. When User Access Control window opens select Yes . 
o. Verify Group Policy Management window opens. 
Note 7: Link will be different depending on enclave being audited; for NIPR enclave, use fqdn (e.g., 
ddg74.navy.mil); for SIPR enclave, use fqdn (e.g., ddg74.navy.smil.mil); for SCI enclave, use fqdn (e.g., ddg74.navy.ic.gov). 
p. Expand+ Forest:{fqdn}. 
q. Expand Domains . 
r. Expand {fqdn} 
s. From left pane, expand Group Policy Objects . 
t. Select CANES Limit Profile Size 
u. If Group Policy Management Console window opens, select OK . 
v. In right pane, verify fqdn is selected from Display links in this location drop down menu. 
w. Verify in Security Filtering section, Authenticated Users is applied. 
x. From right pane, select Settings tab and select show all. 
y. Scroll down to System/User profiles policy window and verify Settings and comments columns match table 1.

Policy, Settings, Comment
Limit Profile Size, Enabled, 
Max profile size (KB), , 819200
Show registry files in the file list, , Disabled
Notify user when profile storage space is exceeded, , Enabled
Remind user every X minutes, , 15
Table 1 System/User Profile

z. Close Group Policy Management window.
Note 8: If completing additional maintenance, steps 1.aa through 1.ac are not required until all maintenance is completed. 
aa. Log off MCA01 remote connection by right-clicking Start-> Shut down or sign out-> Sign out.
ab. Log off workstation. 
ac. Return equipment to readiness condition. ",RG07 REDACTED,,,,,,,
4A02,40RG08N,W-11,Integrated Afloat Networks 4A0,C4I Networks 4A02,"AN/USQ-208(V)l,2,3,4,5,6,7 CANES SW3.0/HW1.2-MOD01 4A02",Servers/Controllers - SR,IT2,0.3,,,,,0.3,0.3,Verify Servers Have Sufficient Free Space on System Drive.,"Forces afloat comply with Navy Safety and Occupational Health (SOH) Program Manual for Forces Afloat, OPNA VINST 5100.19 series; shore activities comply with SOH Program Manual, OPNA VINST 5100.23 series.",None,,"Preliminary
Note 1: This procedure must be accomplished by a CANES System Administrator.
Note 2: This procedure has no network impact.
Note 3: This procedure must be run on all Secret Releasable enclaves
a.  Obtain appropriate server and system management password(s) prior to accomplishing this procedure.

1. Verify Servers Have Sufficient Free Space on System Drive.
Note 4: If already logged into MCA01, proceed to step 1.o.
Note 5: Cross Domain Solution username can't be an Active Directory username unless ship's force has made it the same as the Active Directory user ID.
a. At Trusted Thin Client window:
(1) Type Cross Domain Solution usemame and press [ENTER].
(2) Type Cross Domain Solution password then press [ENTER].
Note 6: Force Read time counter will show in upper right of screen for 3 seconds and then switch to Response time counter for 45 seconds.
b. When Response time counter is running, select Accept in lower left corner of screen.
c. Select Home icon.
d. Scroll to Enclave . 
e. Select Logon to enclave (e.g. Korea). 
f. Type username and password . 
g. Select Domain 
h. Select OK. 
i. When security banner opens, select OK . 
j. Logon to workstation with appropriate administrator rights. 
k. Remote Desktop Connection to MRDS. 
l. Logon to Windows Security with appropriate administrator rights. 
m. When security banner opens, select OK . 
n. If successfol logon banner opens, select OK . 
o. Select Start-> Microsoft System Center 2016-> Operations Console. 
p. Verify Operations Manager window opens. 
q. From lower left pane select Reporting. 
r. From upper left pane, under Reporting , select Windows Server Operating System Reports.
s. From middle pane double-click Performance by System . 
Note 7: When selecting day, select one that will provide six days of data, i.e. if today is Wednesday select last Tuesday. 
t. In left pane, from From pulldown, highlight Previous Week, then select day that was six days ago. 
u. From middle pane select Add Group 
v. In Add Group window, type ""windows server computer group"" (i.e., windows{space}senrer{space}computer 
{space}group) in Group Name field and select Search. 
w. Verify Windows Server Computer Group appears in Available Items pane. 
x. Highlight Windows Server Computer Group and select Add . 
y. Verify Windows Server Computer Group appears in Selected Objects pane under Objects. 
z. In right pane, under Resources , uncheck all checkboxes except Logical Disks . 
aa. Select Run from upper left corner. 
ab. Verify Report is generated. 
ac. From table in Report, under Logical Disks, verify Average Percent Space Used Trend shows healthy (green) for all volumes on all servers. 
ad. Close Report window. 
se. Close Operations Manager window. 
Note 8: If completing additional maintenance, steps 1.af through 1.ah are not required until all maintenance is completed. 
af. Log off MCA01 remote connection by right-clicking Start-> Shut down or sign out-> Sign out.
ag. Log off workstation. 
ah. Return equipment to readiness condition. ",RG08 REDACTED,,,,,,,
4A02,40RG09N,W-12,Integrated Afloat Networks 4A0,C4I Networks 4A02,"AN/USQ-208(V)l,2,3,4,5,6,7 CANES SW3.0/HW1.2-MOD01 4A02",Servers/Controllers - SR,IT2,0.2,,,,,0.2,0.2,Verify Server Share Drive Configuration.,"Forces afloat comply with Navy Safety and Occupational Health (SOH) Program Manual for Forces Afloat, OPNA VINST 5100.19 series; shore activities comply with SOH Program Manual, OPNA VINST 5100.23 series.",None,,"Preliminary
Note 1: This procedure must be accomplished by a CANES System Administrator.
Note 2: This procedure has no network impact.
a.  Obtain appropriate server and system management password(s) prior to accomplishing this procedure.
Note 3: This procedure must be run on all Secret Releasable enclaves

1. Verify Server Share Drive Configuration.
Note 4: If already logged into MRDS, proceed to step 1.o.
Note 5: Cross Domain Solution username can't be an Active Directory username unless ship's force has made it the same as the Active Directory user ID.
a. At Trusted Thin Client window:
(1) Type Cross Domain Solution usemame and press [ENTER].
(2) Type Cross Domain Solution password then press [ENTER].
Note 6: Force Read time counter will show in upper right of screen for 3 seconds and then switch to Response time counter for 45 seconds.
b. When Response time counter is running, select Accept in lower left corner of screen.
c. Select Home icon.
d. Scroll to Enclave . 
e. Select Logon to enclave (e.g. Korea). 
f. Type username and password . 
g. Select Domain 
h. Select OK. 
i. When security banner opens, select OK . 
j. Logon to workstation with appropriate administrator rights. 
k. Remote Desktop Connection to MRDS. 
l. Logon to Windows Security with appropriate administrator rights. 
m. When security banner opens, select OK . 
n. If successfol logon banner opens, select OK . 
o. Remote Desktop Connection to FS01. 
p. When security banner opens select OK . 
q. If successfol logon banner opens, select OK . 
r. Open File Explorer and click This PC from left pane. 
s. Double-click Drive (T:) 
t. Verify Drive (T:) window opens. 
u. Verify Share folder exists. 
v. Highlight Share folder then right-click. 
w. Select Properties . 
x. Verify Share Properties window opens. 
y. Select Sharing tab. 
z. Verify Network Path at Network File and Folder sharing section is \\FS01\Share.
aa. Select Advanced Sharing . 
ab. When Advanced Sharing window opens, select Permissions
ac. Verify in Permissions for Administrators section, the following are checked in Allow column: 
(1) Full Control
(2) Change
(3) Read
ad. In same window, select User (FS01\Users).
ae. Verify in Permissions for Users section, the following are checked in Allow column:
(1) Full Control
(2) Change
(3) Read
af. Close Advanced Sha1ing window.
ag. Close Share Properties window. 
ah. Close Drive (T:) window.
ai. Sign out of FS01 server.
Note 7: If completing additional maintenance, steps 1.aj through 1.al are not required until all maintenance is completed. 
aj. Log off MRDS remote connection by right-clicking Start -> Shut down or sign out -> Sign out. 
ak. Log off workstation. 
al. Return equipment to readiness condition. ",RG09 REDACTED,,,,,,,
4A02,40RG10N,W-13,Integrated Afloat Networks 4A0,C4I Networks 4A02,"AN/USQ-208(V)l,2,3,4,5,6,7 CANES SW3.0/HW1.2-MOD01 4A02",Servers/Controllers - SR,IT2,0.2,,,,,0.2,0.2,Verify Exchange Server(s) Have Sufficient Free Space On Transaction Log Volumes.,"Forces afloat comply with Navy Safety and Occupational Health (SOH) Program Manual for Forces Afloat, OPNA VINST 5100.19 series; shore activities comply with SOH Program Manual, OPNA VINST 5100.23 series.",None,,"Preliminary
Note 1: This procedure must be accomplished by a CANES System Administrator.
Note 2: This procedure has no network impact.
a.  Obtain appropriate server and system management password(s) prior to accomplishing this procedure.
Note 3: This procedure must be run on all Secret Releasable enclaves

1. Verify Exchange Server(s) Have Sufficient Free Space On Transaction Log Volumes.
Note 4: If already logged into MRDS, proceed to step 1.o.
Note 5: Cross Domain Solution username can't be an Active Directory username unless ship's force has made it the same as the Active Directory user ID.
a. At Trusted Thin Client window:
(1) Type Cross Domain Solution usemame and press [ENTER].
(2) Type Cross Domain Solution password then press [ENTER].
Note 6: Force Read time counter will show in upper right of screen for 3 seconds and then switch to Response time counter for 45 seconds.
b. When Response time counter is running, select Accept in lower left corner of screen.
c. Select Home icon.
d. Scroll to Enclave . 
e. Select Logon to enclave (e.g. Korea). 
f. Type username and password . 
g. Select Domain 
h. Select OK. 
i. When security banner opens, select OK . 
j. Logon to workstation with appropriate administrator rights. 
k. Remote Desktop Connection to MRDS. 
l. Logon to Windows Security with appropriate administrator rights. 
m. When security banner opens, select OK . 
n. If successfol logon banner opens, select OK . 
o. Open File Explorer. 
p. In navigation bar, type path: ""\\FS01\Software\Update build\AIC\bin "". 
q. Double-click Putty folder. 
r. Double-click Putty application. 
s. Verify Putty Configuration window opens. 
t. Type ""ISE01 ""at the Host Name (or IP Address) field and press [ENTER]. 
u. If Putty Security Alert window opens select Yes . 
v. When command line interface window opens type ""admin"" at Login as: and press [ENTER]. 
w. Type password at Password and press [ENTER]. 
x. Type ""show disks"" (i.e., show{space}disks) and press [ENTER]. 
y. Verify that no more than 80% of space is used on all file systems and that there are no wamings. 
z. Type ""exit"" and press [ENTER]. 
aa. Close File Explorer . 
Note 7: If completing additional maintenance, steps 1.ab through 1.ad are not required until all maintenance is completed. 
ab. Log off MRDS remote connection by right-clicking Start -> Shut down or sign out -> Sign out. 
ac. Log off workstation. 
ad. Return equipment to readiness condition. ",RG10 REDACTED,,,,,,,
4A02,40RG11N,W-14,Integrated Afloat Networks 4A0,C4I Networks 4A02,"AN/USQ-208(V)l,2,3,4,5,6,7 CANES SW3.0/HW1.2-MOD01 4A02",Servers/Controllers - SR,IT2,0.3,,,,,0.3,0.3,Verify Backup of Network Configuration Files.,"Forces afloat comply with Navy Safety and Occupational Health (SOH) Program Manual for Forces Afloat, OPNA VINST 5100.19 series; shore activities comply with SOH Program Manual, OPNA VINST 5100.23 series.",None,,"Preliminary
Note 1: This procedure must be accomplished by a CANES System Administrator.
Note 2: This procedure has no network impact.
Note 3: This procedure must be run on all Secret Releasable enclaves
a.  Obtain appropriate server and system management password(s) prior to accomplishing this procedure.

1. Verify Exchange Server(s) Have Sufficient Free Space On Transaction Log Volumes.
Note 4: If already logged into MRDS, proceed to step 1.o.
Note 5: Cross Domain Solution username can't be an Active Directory username unless ship's force has made it the same as the Active Directory user ID.
a. At Trusted Thin Client window:
(1) Type Cross Domain Solution usemame and press [ENTER].
(2) Type Cross Domain Solution password then press [ENTER].
Note 6: Force Read time counter will show in upper right of screen for 3 seconds and then switch to Response time counter for 45 seconds.
b. When Response time counter is running, select Accept in lower left corner of screen.
c. Select Home icon.
d. Scroll to Enclave . 
e. Select Logon to enclave (e.g. Korea). 
f. Type username and password . 
g. Select Domain 
h. Select OK. 
i. When security banner opens, select OK . 
j. Logon to workstation with appropriate administrator rights. 
k. Remote Desktop Connection to MRDS. 
l. Logon to Windows Security with appropriate administrator rights. 
m. When security banner opens, select OK . 
n. If successfol logon banner opens, select OK . 
o. Open File Explorer. 
p. At navigation bar type ""\\SCOM _NetMan\SCOM\Cisco _ Configuration\Backups "". 
q. Verify all switches and routers have a baseline configuration file (e.g. u-bb-rtr-101-fqdn.baseline). 
r. Verify all switches and routers have a backup file no older than 24 hours. 
s. Close File Explorer. 
Note 7: If completing additional maintenance, steps 1.t through 1.v are not required until all maintenance is completed. 
t. Log off MRDS remote connection by right-clicking Start -> Shut down or sign out -> Sign out. 
u. Log off workstation. 
v. Return equipment to readiness condition. ",RG11 REDACTED,,,,,,,
4A02,40RG12N,W-15,Integrated Afloat Networks 4A0,C4I Networks 4A02,"AN/USQ-208(V)l,2,3,4,5,6,7 CANES SW3.0/HW1.2-MOD01 4A02",Servers/Controllers - SR,IT2,0.2,,,,,0.2,0.2,Verify Passwords Have Not Expired.,"Forces afloat comply with Navy Safety and Occupational Health (SOH) Program Manual for Forces Afloat, OPNA VINST 5100.19 series; shore activities comply with SOH Program Manual, OPNA VINST 5100.23 series.",None,,"Preliminary
Note 1: This procedure must be accomplished by a CANES System Administrator.
Note 2: This procedure has no network impact.
Note 3: This procedure must be run on all Secret Releasable enclaves
a.  Obtain appropriate server and system management password(s) prior to accomplishing this procedure.
b. Obtain YUM server IP address

1. Verify Passwords Have Not Expired.
Note 4: If already logged into MRDS, proceed to step 1.k.5.
Note 5: Cross Domain Solution username can't be an Active Directory username unless ship's force has made it the same as the Active Directory user ID.
a. At Trusted Thin Client window:
(1) Type Cross Domain Solution usemame and press [ENTER].
(2) Type Cross Domain Solution password then press [ENTER].
Note 6: Force Read time counter will show in upper right of screen for 3 seconds and then switch to Response time counter for 45 seconds.
b. When Response time counter is running, select Accept in lower left corner of screen.
c. Select Home icon.
d. Scroll to Enclave . 
e. Select Logon to enclave (e.g. Korea). 
f. Type username and password . 
g. Select Domain 
h. Select OK. 
i. When security banner opens, select OK . 
j. Logon to workstation with appropriate administrator rights. 
k. Verify KERBEROS password:
(1) Remote Desktop Connection to MRDS.
(2) Logon to Windows Security with appropriate administrator rights. 
(3) When security banner opens, select OK . 
(4) If successful Logon banner opens, select OK . 
(5) Remote Desktop Connection to MCA01 . 
(6) When Security Banner opens select OK . 
(7) If successful logon banner opens, select OK . 
(8) Right click Start button and select Command Prompt (admin) .
(9) If User Access Control window opens select Yes. 
(10) Verify Administrative Command Prompt opens. 
(11) Type ""net user svc.netiq /domain "" (i.e., net{ space }user{ space }svc.netiq {space}{ slash }domain) and press [ENTER].
Note 7: If password has expired refer to SOM or IETM for password change procedure.
(12) Verify password has not expired
(13) Type ""exit"" and press [ENTER]
(14) Logoff MCA01 remote connection.
Note 8: If already logged into MRDS, proceed to stepp 1.l.(8)
l. Verify local passwords:
(1) Simultaneously press [CTRL], [ALT] and [DELETE] keys.
(2) When security banner opens, select OK .
(3) Logon to workstation with appropriate administrator rights.
(4) Remote Desktop Connection to MRDS. 
(5) Logon to Windows Security with appropriate administrator rights.
(6) When security banner opens, select OK . 
(7) If successful Logon banner opens, select OK . 
(8) Remote Desktop Connection to BU01. 
(9) When Security Banner opens select OK . 
(10) If successful logon banner opens, select OK . 
(11) Right click Start button and select Command Prompt (admin)
(12) If User Access Control window opens select Yes. 
(13) Verify Administrative Command Prompt opens. 
(14) Type ""net user veeam.administrator"" (i.e., net{space}user{space}veeam.administrator) and press [ENTER].
Note 9: If password has expired refer to SOM or IETM for password change procedure.
(15) Verify passwords have not expired.
(16) Type ""exit"" and press [ENTER]
(17) Logoff BU01 remote connection.
Note 10: If completing additional maintenance, steps 1.m through 1.o are not required until all maintenance is completed. 
m. Log off MRDS remote connection by right-clicking Start -> Shut down or sign out -> Sign out. 
n. Log off workstation. 
o. Return equipment to readiness condition. ",RG12 REDACTED,,,,,,,
4A02,40RG13N,W-16,Integrated Afloat Networks 4A0,C4I Networks 4A02,"AN/USQ-208(V)l,2,3,4,5,6,7 CANES SW3.0/HW1.2-MOD01 4A02","Servers/Controllers - NIPR, SIPR, SCI",IT2,0.2,,,,,0.2,0.2,Verify Time Source and Distribution.,"Forces afloat comply with Navy Safety and Occupational Health (SOH) Program Manual for Forces Afloat, OPNA VINST 5100.19 series; shore activities comply with SOH Program Manual, OPNA VINST 5100.23 series.",None,"Safety Data Sheets (SDS) provide control measures, precautions, personal protective equipment (PPE), and spill controls for the hazardous material(s) identified in the Tools, Parts, Materials, Test, Equipment block. Maintenance personnel shall determine if additional PPE is necessary to accomplish the MRC and take appropriate action to obtain and wear such PPE to enstu·e the safety of maintenance personnel. Report any deficiencies via PMS feedback report. ","Preliminary
Note 1: This procedure must be accomplished by a CANES System Administrator.
Note 2: This procedure has no network impact.
a.  Obtain appropriate server and system management password(s) prior to accomplishing this procedure.
b. Obtain YUM server IP address

1. Verify Time Source and Distribution.
Note 3: This procedure should be run from a NIPR, SIPR or SCI workstation depending on enclave being verified. 
Note 4: If already logged into MRDS, proceed to step 1.h. 
a. Simultaneously press [CTRL], [ALT] and [DELETE] keys. 
b. When security banner opens, select OK.
c. Logon to workstation with appropriate administrator rights. 
d. Remote Desktop Connection to MRDS. 
e. Logon to Windows Security with appropriate administrator rights. 
f. When security banner opens, select OK. 
g. If successful logon banner opens, select OK. 
Note 5: If verifying SIPR or SCI enclave proceed to step 1.i.
h. Verify date and time properties:
(1) Select and open an authorized web browser (e.g., Mozilla Firefox, Internet Explorer).
Note 6: NOTE 5 : Microsemi web interface address will be in following format: https://timemgmt.fqdn.
(2) At address bar, type Microsemi web address then press [ENTER].
(3) If Mozilla Firefox is selected and Untrusted Connection window opens:
  (a) Select Add exception at I understand the risk section.
  (b) Verify Add Security Exception window opens and Ensure permanently store this exception is checked.
  (c) Select Confirm security exception.
(4) If lnternet Explorer is selected and Certificate Error: Navigation Blocked window opens, select Continue to this website (not recommended) link.
(5) When security banner opens, select OK.
Note 7: Usemame ""admcanes"" does not contain a period between adm and canes.
(6) When login window from Microsemi opens type ""admcanes"" at Username and password at Password and select Login. 
(7) Verify that Microsemi Sync Server S650 window opens.
(8) From Dashboard , verify that Sync shows Locked in green box.
(9) Select Timing from left pane.
(10) Select Time Zone from pulldown.
(11) Verify that UTC is current time zone.
(12) Close web browser.
i. Verify YUM virtual server is synced:
(1) Open File Explorer.
(2) In navigation bar, type path: ""\\FS01\Software\Updatebuild\AIC\bin "".
(3) Double-click Putty folder.
(4) Double-click Putty application.
(5) Verify Putty Configuration window opens.
(6) Type ""YUM"" at the Host Name (or IP Address) field and press [ENTER].
(7) If Putty Security Alert window opens select Yes.
(8) When Command Line Interface window opens type ""sysadmin"" at Login as : and press [ENTER].
(9) Type password at Password and press [ENTER].
(10) Type ""sudo su-"" (i.e., sudo{space}su{space}{dash}) and press [ENTER].
(11) Type password and press [ENTER].
(12) Type ""chronyc -a sources"" (i.e., chronyc{space}{dash}a{space}sources) and press [ENTER].
(13) Verify that Command Line Interface returns correct result provided in table 1 and table 2. 
Note 8: Table 1 shows an example of the format that may display on screen after running command.

Name/IP address, Stratum, Poll, Reach, Last RX, Last Sample
*timeserver.fqdn, 1, 5, 377, 8, +2743ns(+2822ns) +/- 82 us
Table 1 YUM Display Window

Note 9: Table 2 shows what should be displayed after the asterisk (*) for each enclave; presence of an asterisk indicates time is synced. 

NIPR, timeserver.fqdn
SIPR, sabi.fqdn
SR, sabi.fqdn
SCI, sabi.fqdn
Table 2 YUM Time Server Indication/Enclave

(14) Type ""exit"" and press [ENTER].
(15) Type ""exit"" and press [ENTER]. 
j. Verify ESX Server time source is YUM:
(1) Select and open an authorized web browser (e.g., Mozilla Firefox, Intemet Explorer).
(2) If Mozilla Firefox is selected and Untrusted Connection window opens:
  (a) Select Add exception at I understand the risk section.
  (b) Verify Add Security Exception window opens and ensure permanently store this exception is checked.
  (c) Select Confirm Security Exception.
(3) If lnternet Explorer is selected and Certificate Error: Navigation Blocked window opens, select Continue to this website (not recommended) link.
(4) At web browser address bar type ""https://VCSA.fqdn "".
(5) Verify VMware window opens.
(6) Select Launch Vsphere Client (HTMLS) .
(7) When WMware Vcenter Single Sign On window opens type domain\usemame and password and select Login .
(8) When WMware Vsphere Client window opens expand {domain-enclave}-> CANES -> CANES -> first ESX server IP address.
(9) Select Configure tab.
(10) From middle pane, under System, select Time Configuration.
(11) Verify:
  (a) Date and Time is current Zulu time.
  (b) NTP Client is Enable.
  (c) NTP Service Status is Running.
  (d) NTP Server IP address is YUM.
(12) Close web browser.
k. Verify WIndows time infrastructure:
(1) Right click Start button. 
(2) Select Command Prompt (Admin)
(3) If User Access Control window opens select Yes.
(4) Verify administrative command prompt window opens. 
(5) Type ""w32tm /query /source"" (i.e., w32tm{space} {slash}query{space} {slash}source) and press [ENTER]. 
(6) Verify command line retlllns one of the following:
  (a) DCO1.fqdn
  (b) DC02.fqdn
  (c) RODC.fqdn
(7) Type ""exit"" and press [ENTER].
(8) Remote Desktop Connection to DC02.
(9) Right click Start button.
(10) Select Command Prompt (Admin).
(11) If User Access Control window opens select Yes.
(12) Verify administrative command prompt window opens.
(13) Type ""w32tm /query /source"" (i.e., w32tm{space} {slash}query{space} {slash}source) and press [ENTER].
(14) Verify that command line interface returns NTP,0X1.
(15) Type ""exit"" and press [ENTER].
(16) Sign out ofDC02.
Note 10: If verifying NIPR or SIPR enclave proceed to step 1.l. If verifying SCI enclave proceed to step 1.n.
l. ISE time sync verification:
(1) Open File Explorer.
(2) In navigation bar, type path: ""\\FSO1\Software\Updatebuild\AIC\bin "". 
(3) Double-click Putty folder.
(4) Double-click Putty application.
(5) Verify Putty Configuration window opens.
(6) Type ""ISE01 ""at the Host Name (or IP Address) field and press [ENTER].
(7) If Putty Security Alert window opens select Yes.
(8) When Command Line Interface window opens type ""admin"" at Login as: and press [ENTER].
(9) Type password at Password and press [ENTER].
(10) Type ""show NTP"" (i.e., show{space}NTP) and press [ENTER].
(11) Verify Remote column displays *YUM IP address as displayed in table 1.
(12) Type ""exit"" and press [ENTER].
Note 11: For Workstation time sync check login to workstation as Workstation Administrator.
m. Workstation time sync check:
(1) Right-click Start button. 
(2) Select Windows Powershell (Admin). 
(3) If User Access Control window opens select Yes. 
(4) Verify Administrator Windows Powershell window opens. 
(5) Type ""w32tm /query /source"" (i.e., w32tm{space} {slash}query{space} {slash}source).
(6) Verify command line returns domain_ controller.fqdn. 
(7) Type ""exit"" and press [ENTER]. 
(8) Log off workstation. 
Note 12: If completing additional maintenance, steps 1.n through 1.p are not required until all maintenance is completed.
n. Log off MRDS remote connection by right-clicking Start -> Shut down or sign out -> Sign out. 
o. Log off workstation. 
p. Return equipment to readiness condition. ",RG13 REDACTED,,,,,,,
4A02,40RG14N,W-17,Integrated Afloat Networks 4A0,C4I Networks 4A02,"AN/USQ-208(V)l,2,3,4,5,6,7 CANES SW3.0/HW1.2-MOD01 4A02",Servers/Controllers - SR,IT2,0.2,,,,,0.2,0.2,Verify Time in Time Zone and Time Distribution.,"Forces afloat comply with Navy Safety and Occupational Health (SOH) Program Manual for Forces Afloat, OPNA VINST 5100.19 series; shore activities comply with SOH Program Manual, OPNA VINST 5100.23 series.",None,,"Preliminary
Note 1: This procedure must be accomplished by a CANES System Administrator.
Note 2: This procedure has no network impact.
Note 3: This procedure must be run on all Secret Releasable enclaves. 
a.  Obtain appropriate server and system management password(s) prior to accomplishing this procedure.
b. Obtain YUM server IP address

1. Verify Time in Time Zone and Time Distribution.
Note 4: If already logged into MRDS, proceed to step 1.o.
Note 5: Cross Domain Solution username can't be an Active Directory username unless ship's force has made it the same as the Active Directory user ID.
a. At Trusted Thin Client window:
(1) Type Cross Domain Solution usemame and press [ENTER].
(2) Type Cross Domain Solution password then press [ENTER].
Note 6: Force Read time counter will show in upper right of screen for 3 seconds and then switch to Response time counter for 45 seconds.
b. When Response time counter is running, select Accept in lower left corner of screen.
c. Select Home icon.
d. Scroll to Enclave . 
e. Select Logon to enclave (e.g. Korea). 
f. Type username and password . 
g. Select Domain 
h. Select OK. 
i. When security banner opens, select OK . 
j. Logon to workstation with appropriate administrator rights. 
k. Remote Desktop Connection to MRDS. 
l. Logon to Windows Security with appropriate administrator rights. 
m. When security banner opens, select OK . 
n. If successfol logon banner opens, select OK . 
o. Verify YUM virtual Server is synced:
(1) Open File Explorer.
(2) In navigation bar, type path: ""\\FS01\Software\Update build\AIC\bin "".
(3) Double-click Putty folder.
(4) Double-click Putty application.
(5) Verify Putty Configuration window opens.
(6) Type ""YUM"" at the Host Name (or IP Address) field and press [ENTER].
(7) If Putty Security Alert window opens select Yes.
(8) When command line interface window opens type ""sysadmin"" at Login as: and press [ENTER].
(9) Type password at Password and press [ENTER].
(10) Type ""sudo su - ""(i.e., sudo{space}su{space}{dash}) and press [ENTER].
(11) Type password and press [ENTER].
(12) Type ""chronyc -a sources"" (i.e., chronyc{space}{dash}a{space}sotu·ces) and press [ENTER].
(13) Verify that command line interface retums correct result provided in table 1 and table 2.
Note 7: Table 1 shows an example of the format that may display on screen after running command.

Name/IP address, Stratum, Poll, Reach, Last RX, Last Sample
*timeserver.fqdn, 1, 5, 377, 8, +2743ns(+2822ns) +/- 82 us
Table 1 YUM Display Window

Note 8: Table 2 shows what should be displayed after the asterisk (*) for each enclave; presence of an asterisk indicates time is synced. 

NIPR, timeserver.fqdn
SIPR, sabi.fqdn
SR, sabi.fqdn
SCI, sabi.fqdn
Table 2 YUM Time Server Indication/Enclave

(14) Type ""exit"" and press [ENTER].
(15) Type ""exit"" and press [ENTER]. 
p. Verify ESX Server time source is YUM:
(1) Select and open an authorized web browser (e.g., Mozilla Firefox, Internet Explorer).
(2) If Mozilla Firefox is selected and Untrusted Connection window opens:
  (a) Select Add exception at I understand the risk section.
  (b) Verify Add Security Exception window opens and ensure permanently store this exception is checked.
  (c) Select Confirm Security Exception.
(3) If lnternet Explorer is selected and Certificate Error: Navigation Blocked window opens, select Continue to this website (not recommended) link.
(4) At web browser address bar type ""https://VCSA.fqdn "".
(5) Verify VMware window opens.
(6) Select Launch Vsphere Client (HTMLS) .
(7) When VMware Vcenter Single Sign On window opens type domain\username and password and select Login .
(8) When VMware Vsphere Client window opens expand {domain-enclave}-> CANES-. CANES -> first ESX server IP address .
(9) Select Configure tab.
(10) From middle pane, under System, select Time Configuration.
(11) Verify: 
  (a) Date and Time is current Zulu time.
  (b) NTP Client is Enable.
  (c) NTP Service Status is Running.
  (d) NTP Server IP address is YUM.
(12) Close web browser
q. Verify Windows time infrastructure:
(1) Right-click Start button. 
(2) Select Command Prompt (Admin) . 
(3) If User Access Control window opens select Yes. 
(4) Verify administrative command prompt window opens. 
(5) Type ""w32tm /query /source"" (i.e., w32tm{space} {slash}query{space} {slash}source) and press [ENTER]. 
(6) Verify command line returns one of the following: 
  (a) DC01.fqdn
  (b) DC02.fqdn
  (c) RODC.fqdn
(7) Type ""exit"" and press [ENTER). 
(8) Remote Desktop Connection to DC02. 
(9) Right click Start button. 
(10) Select Command Prompt (Admin) . 
(11) If User Access Control window opens select Yes. 
(12) Verify administrative command prompt window opens. 
(13) Type ""w32tm /query /source"" (i.e., w32tm{space} {slash}query{space} {slash}source) and press [ENTER). 
(14) Verify that command line interface rettuns NTP,0X1
(15) Type ""exit"" and press [ENTER]. 
(16) Sign out of DC02. 
Note 9: If completing additional maintenance, steps 1.r through 1.t are not required until all maintenance is completed.
r. Log off MRDS remote connection by right-clicking Start -> Shut down or sign out -> Sign out. 
s. Log off workstation. 
t. Return equipment to readiness condition. ",RG14 REDACTED,,,,,,,
4A02,40RG15N,W-18,Integrated Afloat Networks 4A0,C4I Networks 4A02,"AN/USQ-208(V)l,2,3,4,5,6,7 CANES SW3.0/HW1.2-MOD01 4A02","Servers/Controllers - NIPR, SIPR, SCI",IT2,0.5,,,,,0.5,0.5,Perform WSUS Sync Verification and Server Cleanup.,"Forces afloat comply with Navy Safety and Occupational Health (SOH) Program Manual for Forces Afloat, OPNA VINST 5100.19 series; shore activities comply with SOH Program Manual, OPNA VINST 5100.23 series.",None,,"Preliminary
Note 1: This procedure must be accomplished by a CANES System Administrator.
Note 2: This procedure has no network impact.
a.  Obtain appropriate server and system management password(s) prior to accomplishing this procedure.

1. Perform WSUS Sync Verification and Server Cleanup.
Note 3: This procedure should be run from a NIPR, SIPR, or SCI workstation, depending on enclave being verified. 
Note 4: If already logged into MRDS, proceed to step 1.a.(8)
a. Logon and open WSUS Management:
  (1) Simultaneously press [CTRL], [ALT] and [DELETE] keys.
  (2) When secturity banner opens, select OK .
  (3) Logon to workstation with appropriate administrator rights.
  (4) Remote Desktop Connection to MRDS.
  (5) Logon to Windows Secturity with appropriate administrator rights.
  (6) When secturity banner opens, select OK.
  (7) If successful Logon banner opens, select OK.
  (8) Remote Desktop Connection to CM01. 
  (9) When Secturity Banner opens select OK.
  (10) If successful logon banner opens, select OK .
  (11) Select Start-> Administrative Tools-> Windows Server Update Services.
  (12) Expand CMOl from left pane.
  (13) Select Synchronizations.
  (14) Verify Successful synchronizations show a green circle with a white check mark, twice per day.
b. Verify Group Policy:
  (1) Expand Computers from left pane. 
  (2) Expand All Computers
  (3) Select CANES-3
  (4) Verify all servers, computers, work.stations, and laptops are listed. 
  (5) Select CANES-Win
  (6) Verify all servers, computers, workstations, and laptops are listed .. 
c. Verify Upstream Server:
  (1) Select Options from left pane.
  (2) Select Update Source and Proxy Sernr .
  (3) Verify Synchronize from another ,vindows Sernr Update Senice Server box is checked; if not, check box.
  (4) Verify server name:
    (a) UNCLAS: win-patch-d.nocv.navy.mil
    (b) GENSER: win-patch-d.nocv.navy.smil.mil
    (c) SCI: win-patch-d.navy.ic.gov
  (5) Verify This is a replica of the upstream server box is checked; if not, check box.
d. Perform WSUS Server Cleanup:
  (1) Select Options from left pane.
  (2) Select Server Cleanup Wizard
  (3) Select All Checkboxes
Note 5: Cleanup time will vary depending on how long it has been since program was last executed
  (4) Select Next to begin server cleanup.
  (5) When Cleanup complete appears at top left on WSUS Server Cleanup Wizard window, select Finish.
  (6) Close Update Services window by selecting X in the upper right comer.
  (7) Sign out of CM01.
Note 6: If completing additional maintenance, steps 1.e through 1.g are not required until all maintenance is completed.
e. Log off MRDS remote connection by right-clicking Start -> Shut down or sign out -> Sign out. 
f. Log off workstation. 
g. Return equipment to readiness condition. ",RG15 REDACTED,,,,,,,
4A02,40RG16N,W-19,Integrated Afloat Networks 4A0,C4I Networks 4A02,"AN/USQ-208(V)l,2,3,4,5,6,7 CANES SW3.0/HW1.2-MOD01 4A02","Servers/Controllers - SIPR, SCI",IT2,0.5,,,,,0.5,0.5,Perform WSUS Sync Verification and Server Cleanup.,"Forces afloat comply with Navy Safety and Occupational Health (SOH) Program Manual for Forces Afloat, OPNA VINST 5100.19 series; shore activities comply with SOH Program Manual, OPNA VINST 5100.23 series.",None,,"Preliminary
Note 1: This procedure must be accomplished by a CANES System Administrator.
Note 2: This procedure has no network impact.
a.  Obtain appropriate server and system management password(s) prior to accomplishing this procedure.

1. Verify ACS Servers Disk Space Usage.
Note 3: This procedure should be run from a SIPR or SCI workstation, depending on enclave being verified.
Note 4: If already logged into MRDS, proceed to step 1.j.
a. Simultaneously press [CTRL], [ALT] and [DELETE] keys. 
b. When security banner opens, select OK . 
c. Logon to workstation: 
  (1)Type user name with appropriate administrator rights then press [TAB].
  (2) Type password then press [ENTER].
d. If successful logon banner opens, select OK .
e. Select Start -> All Programs -> Accessories -> Remote Desktop Connection . 
f. When Remote Desktop Connection window opens, type ""MRDS "" and select Connect.
g. When 'Windows Security window opens:
  (1) Type user name with appropriate administrator rights then press [TAB] if needed. 
  (2) Type password then select [ENTER].
h. When security banner opens, select OK . 
i. If successfol logon banner opens, select OK . 
j. Select Start -> All Programs . 
k. Select and open an authorized web browser (e.g., Mozilla Firefox, Intemet Explorer). 
l. If Mozilla Firefox is selected and Untrusted Connection window opens:  
(1) Select Add exception at I understand the risk section. 
(2) Verify Add Security Exception window opens and ensure permanently store this exception is checked. 
(3) Select Confirm Security Exception
m. If lnternet Explorer is selected and Certiilcate Error: Navigation Blocked window opens, select Continue to this website (not recommended).
n. At web browser address bar type ""https://VCSA.fqdn"" . 
o. Verify VMware window opens. 
p. Select Launc h Vsphere Client (HTML5). 
q. When VMware Vcenter Single Sign On window opens type domain\username and password and select Login.
r. When VMware Vsphere Client window opens expand {domain-enclave}-> CANES-> CANES-> first ACS , virtual Server. 
Note 5: Table 1 shows the host name (ACS servers) existent per enclave.

Host Name/ACS Server (SIPR), SW3.0, Host Name ACS Server (SCI), SW3.0
ACS-ID, X, ACS-ID, X
ACS-GS, X, ACS-GS, X
ACS-MGMT, X, ACS-MGMT, X
ACS-SA, X, ACS-SA, X
ASC-SS, X, ASC-SS, X
Table 1 Host Name (ACS Server) per enclave/per CANES software version. 

s. In left pane, right-click on first ACS virtual server.
t.  Select Open Console 
u. Type user login at ACS Login : then press [ENTER].
v. Type password at password: then press [ENTER]. 
w. At prompt, type ""df -h"" (i.e.; df{space}{dash}h). 
Note 6: When any partition mounted in the ACS virtual machine is more than 80% full, information needs to be backed up or moved and deleted at the system administrator's discretion to prevent excessive accumulation of data. 
Note 7: Table 2 shows an example of the format that may display on the screen. 
 
Filesystem, Size, Used, Avail, Use%, MountedOn
dev/mapper/vg_ main-lv _root, 7.3G, 1.1G, 5.9G, 16%, tmpfs
,1.9G, 0, 1.9G, 0%, dev/shm
dev/mapper/vg main lv acs, 7.3G, 49M, 6.9G, 1%, acs
dev/vdal, 190M, 30M, 151M, 17%, boot
dev/mapper/vg_ main-lv _home, 7.3G, 18M, 6.9G, 1%, home
dev/mapper/vg_ main-Iv_ security, 9.5G, 26M, 9.0G, 1%, security
dev/mapper/vg_ main-Iv_ tmp, 3.8G, 7.9M, 3.6G, 1%, tmp
dev/mapper/vg_ main-Iv_ var, 23G, 124M, 21G, 1%, var
dev/mapper/vg_ main-Iv_ varlog, 18G, 76M, 17G, 1%, var/log
dev/mapper/vg main-Iv varlogaudit, 18G, 62M, 17G, 1%, var/log/audit
Table 2 ACS virtual machine display example.

x. Verify that each partition mounted on each ACS virtual machine is less than 80% by checking Use% column. 
y. Type ""Exit"" at prompt and press [ENTER]. 
z. Repeat steps 1.s through 1.y for remaining ACS servers as needed. 

Note 8: If completing additional maintenance, steps 1.aa through 1.ac are not required until all maintenance is completed. 
aa. Log off MRDS remote connection by selecting Start -> Log off.
ab. Log off workstation. 
ac. Return equipment to readiness condition. ",RG16 REDACTED,,,,,,,
4A02,40RG17N,W-20,Integrated Afloat Networks 4A0,C4I Networks 4A02,"AN/USQ-208(V)l,2,3,4,5,6,7 CANES SW3.0/HW1.2-MOD01","Servers/Controllers - SIPR, SCI",IT2,0.5,,,,,0.5,0.5,Verify Patch Version of ACS Servers.,"Forces afloat comply with Navy Safety and Occupational Health (SOH) Program Manual for Forces Afloat, OPNA VINST 5100.19 series; shore activities comply with SOH Program Manual, OPNA VINST 5100.23 series.",None,,"Preliminary
Note 1: This procedure must be accomplished by a CANES System Administrator.
Note 2: This procedure has no network impact.
a.  Obtain appropriate server and system management password(s) prior to accomplishing this procedure.

1. Verify Patch Version of ACS Servers.
Note 3: This procedure should be run from a SIPR or SCI workstation, depending on enclave being verified.
Note 4: If already logged into MRDS, proceed to step 1.j.
a. Simultaneously press [CTRL], [ALT] and [DELETE] keys. 
b. When security banner opens, select OK . 
c. Logon to workstation: 
  (1)Type user name with appropriate administrator rights then press [TAB].
  (2) Type password then press [ENTER].
d. If successful logon banner opens, select OK .
e. Select Start -> All Programs -> Accessories -> Remote Desktop Connection . 
f. When Remote Desktop Connection window opens, type ""MRDS "" and select Connect.
g. When 'Windows Security window opens:
  (1) Type user name with appropriate administrator rights then press [TAB] if needed. 
  (2) Type password then select [ENTER].
h. When security banner opens, select OK . 
i. If successfol logon banner opens, select OK . 
j. Select Start -> All Programs . 
k. Select and open an authorized web browser (e.g., Mozilla Firefox, Intemet Explorer). 
l. If Mozilla Firefox is selected and Untrusted Connection window opens:  
(1) Select Add exception at I understand the risk section. 
(2) Verify Add Security Exception window opens and ensure permanently store this exception is checked. 
(3) Select Confirm Security Exception
m. If lnternet Explorer is selected and Certiilcate Error: Navigation Blocked window opens, select Continue to this website (not recommended).
n. At web browser address bar type ""https://VCSA.fqdn"" . 
o. Verify VMware window opens. 
p. Select Launc h Vsphere Client (HTML5). 
q. When VMware Vcenter Single Sign On window opens type domain\username and password and select Login.
r. When VMware Vsphere Client window opens expand {domain-enclave}-> CANES-> CANES-> first ACS , virtual Server. 
Note 5: Table 1 shows the host name (ACS servers) existent per enclave.

Host Name/ACS Server (SIPR), SW3.0, Host Name ACS Server (SCI), SW3.0
ACS-ID, X, ACS-ID, X
ACS-GS, X, ACS-GS, X
ACS-MGMT, X, ACS-MGMT, X
ACS-SA, X, ACS-SA, X
ASC-SS, X, ASC-SS, X
Table 1 Host Name (ACS Server) per enclave/per CANES software version. 

s. In left pane, right-click on first ACS virtual server.
t.  Select Open Console 
u. Type user login at ACS Login : then press [ENTER].
v. Type password at password: then press [ENTER]. 
Note 6: Table 2 shows an example of the fo1mat that may display on the screen when checking acs-version and puppet-version. 

CANES Version, Version, Revision
AW3.0, 2.1.2.x, OB51339
Table2 Version / Revision Information.

w. At prompt, type ""cat/acs/acs-version"" (i.e., cat{space}{slash}acs{slash}{dash}version). 
x. Verify version munber and revision number are most current versions. 
y. At prompt, type ""cat /acs/acs-puppet-version"" (i.e., cat{space} { slash}acs{ slash} { dash}puppet{dash}version). 
z. Verify version munber and revision number are most current versions. 
aa. Repeat steps 1.s through 1.z for remaining ACS servers as needed. 
ab. Close VMware vSphere Client by selecting File --> Exit. 
Note 7: If completing additional maintenance, steps 1.ac through 1.ae are not required until all maintenance is completed. 
ac. Log off MRDS remote connection by selecting Start -> Log off.
ad. Log off workstation. 
ae. Return equipment to readiness condition. ",RG17 REDACTED,,,,,,,
4A02,40RG18N,W-21,Integrated Afloat Networks 4A0,C4I Networks 4A02,"AN/USQ-208(V)l,2,3,4,5,6,7 CANES SW3.0/HW1.2-MOD01 4A02","Servers/Controllers - NIPR, SIPR, SCI",IT2,0.3,,,,,0.3,0.3,Verify System Center Alerts.,"Forces afloat comply with Navy Safety and Occupational Health (SOH) Program Manual for Forces Afloat, OPNA VINST 5100.19 series; shore activities comply with SOH Program Manual, OPNA VINST 5100.23 series.","1. [01365]Technical manuals/drawings/forms, W/C to provide Consolidated Afloat Network And Enterprise Services (CANES) AN/USQ-208(V) With Canes Software 3 (SW3), Hardware 1.2 (HWl.2); Interactive Electronic Technical Manual (IETM); TMIN: EE689-2X-IEM-050 ",,"Preliminary
Note 1: This procedure must be accomplished by a CANES System Administrator.
Note 2: This procedure has no network impact.
a.  Obtain appropriate server and system management password(s) prior to accomplishing this procedure.
b. Obtain YUM server IP address

1. Verify Time Source and Distribution.
Note 3: This procedure should be run from a NIPR, SIPR or SCI workstation depending on enclave being verified. 
Note 4: If already logged into MRDS, proceed to step 1.h. 
a. Simultaneously press [CTRL], [ALT] and [DELETE] keys. 
b. When security banner opens, select OK.
c. Logon to workstation with appropriate administrator rights. 
d. Remote Desktop Connection to MRDS. 
e. Logon to Windows Security with appropriate administrator rights. 
f. When security banner opens, select OK. 
g. If successful logon banner opens, select OK. 
h. Select Start-> Microsoft System Center 2016-> Operations Console . 
i. Verify Operations Manager window opens. 
j. From lower left pane select Administration 
k. From upper left pane, under Administration , expand Notifications and select Subscribers . 
l. In middle pane verify CANES Alerts exists under Subscriber Names 
m. From upper left pane, under Administration , expand Notifications and select Subscriptions .
n. In middle pane verify CANES Alerts exists under Subscriptions . 
o. Close Operations Manager window. 
p. Select and open an authorized web browser, (e.g., Mozilla Firefox, Internet Explorer). 
q. In browser address bar type ""https://EX01.fqdn.ecp "" and press [ENTER]. 
r. Verify Exchange Admin Center login window opens. 
s. Type domain\username and password and select Sign In. 
t. Verify Exchange Admin Center window opens. 
u. Select Groups tab from middle pane. 
v. Double-click CANESAlerts distribution group. 
w. Select Membership 
Note 5: If Members column is blank, consult CANES SW3 IETM.
x. Verify appropriate personnel appear under Members column. 
y. Close web browser. 
Note 6: If completing additional maintenance, steps 1.z through 1.ab are not required until all maintenance is completed.
z. Log off MRDS remote connection by right-clicking Start -> Shut down or sign out -> Sign out. 
aa. Log off workstation. 
ab. Return equipment to readiness condition. ",RG18 REDACTED,,,,,,,
