﻿AlertID,Alert,AlertDesc,Added,Priority,Severity,CauseShortDesc,CauseLongDesc,CauseProb,ResolutionShortDesc,ResolutionLongDesc,Resolution Prob
vp8tK8hkbqh6loX8,Disk space error,Not enough disk space on current drive,5/17/2022 8:00,1,4,Files grew in size,"When existing files grow in size and the new files are added, the free space is taken up on a Cluster Disk.",0.67,Run disk cleanup,Run Disk Cleanup to gain more free space on the disk.,0.67
vp8tK8hkbqh6loX8,Disk space error,Not enough disk space on current drive,5/17/2022 8:00,1,4,Disk malfunction,Disk is corrupted or damaged rendering data inaccessible.,0.15,Replace disk,Physically replace the disk and restore from a backup,0.2
4R2DU5Sy4NS5Ck9W,Network Connectivity,Failed to connect to server,5/17/2022 8:15,2,5,Server over capacity,Server does not have available space to connect at this time.,0.88,Reset server,Reset the server and reconnect.,0.85
4R2DU5Sy4NS5Ck9W,Network Connectivity,Failed to connect to server,5/17/2022 8:15,2,5,No network connection,There is no response from the current network.,0.65,Reconnect to network,Open network settings and reconnect to network.,0.4
4R2DU5Sy4NS5Ck9W,Network Connectivity,Failed to connect to server,5/17/2022 8:15,2,5,Incorrect server selected,The selected server is not available for the required function.,0.2,Change server,Open netweork settings and change the server connection,0.15
m07Kbq801AETl0we,Application failed to open,No license available,5/17/2022 8:22,3,2,Excess application windows open,"Too many instances of the program open, exceeding number of licenses.",0.64,Restart application,Restart application in the control panel.,0.87
m07Kbq801AETl0we,Application failed to open,No license available,5/17/2022 8:22,3,2,Application error,Error in application launch,0.23,Restart application,Restart application in the control panel.,0.87
vp8tK8hkbqh6loX8,Disk space error,Not enough disk space on current drive,5/18/2022 8:00,1,4,Files grew in size,"When existing files grow in size and the new files are added, the free space is taken up on a Cluster Disk.",0.67,Run disk cleanup,Run Disk Cleanup to gain more free space on the disk.,0.67
vp8tK8hkbqh6loX8,Disk space error,Not enough disk space on current drive,5/18/2022 8:00,1,4,Disk malfunction,Disk is corrupted or damaged rendering data inaccessible.,0.15,Replace disk,Physically replace the disk and restore from a backup,0.2
m07Kbq801AETl0we,Application failed to open,No license available,5/18/2022 8:22,3,2,Excess application windows open,"Too many instances of the program open, exceeding number of licenses.",0.64,Restart application,Restart application in the control panel.,0.87
m07Kbq801AETl0we,Application failed to open,No license available,5/18/2022 8:22,3,2,Application error,Error in application launch,0.23,Restart application,Restart application in the control panel.,0.87
vp8tK8hkbqh6loX8,Disk space error,Not enough disk space on current drive,5/19/2022 8:00,1,4,Files grew in size,"When existing files grow in size and the new files are added, the free space is taken up on a Cluster Disk.",0.67,Run disk cleanup,Run Disk Cleanup to gain more free space on the disk.,0.67
vp8tK8hkbqh6loX8,Disk space error,Not enough disk space on current drive,5/19/2022 8:00,1,4,Disk malfunction,Disk is corrupted or damaged rendering data inaccessible.,0.15,Replace disk,Physically replace the disk and restore from a backup,0.2
4R2DU5Sy4NS5Ck9W,Network Connectivity,Failed to connect to server,5/19/2022 8:15,2,5,Server over capacity,Server does not have available space to connect at this time.,0.88,Reset server,Reset the server and reconnect.,0.85
4R2DU5Sy4NS5Ck9W,Network Connectivity,Failed to connect to server,5/19/2022 8:15,2,5,No network connection,There is no response from the current network.,0.65,Reconnect to network,Open network settings and reconnect to network.,0.4
4R2DU5Sy4NS5Ck9W,Network Connectivity,Failed to connect to server,5/19/2022 8:15,2,5,Incorrect server selected,The selected server is not available for the required function.,0.2,Change server,Open netweork settings and change the server connection,0.15
m07Kbq801AETl0we,Application failed to open,No license available,5/19/2022 8:22,3,2,Excess application windows open,"Too many instances of the program open, exceeding number of licenses.",0.64,Restart application,Restart application in the control panel.,0.87
m07Kbq801AETl0we,Application failed to open,No license available,5/19/2022 8:22,3,2,Application error,Error in application launch,0.23,Restart application,Restart application in the control panel.,0.87
