﻿DisplayName,DWCreatedDateTime,FullName,ManagedEntityDefaultName,ManagedEntityGuid,ManagedEntityRowId,ManagedEntityTypeRowId,ManagementGroupRowId,Name,Path,TopLevelHostManagedEntityRowId
\\ITDSVRNADIA01.intellidyne-llc.local\Error Collection,2022-02-15 20:43:10,Microsoft.SystemCenter.CM.AEM.CrashListener:ITDSVRNADIA01.intellidyne-llc.local,\\ITDSVRNADIA01.intellidyne-llc.local\Error Collection,3AEF41D8-A202-2C54-EB92-7C6C73AFF6BD,1236,181,1,,ITDSVRNADIA01.intellidyne-llc.local,1
10.19.10014.0.,2022-02-15 22:07:40,Microsoft.SystemCenter.AgentVersions:10.19.10014.0.,10.19.10014.0.,F39A6DA4-E273-C548-D246-3064B818C3C9,1251,1085,1,10.19.10014.0.,,1
10.19.10177.0.,2022-05-13 14:38:31,Microsoft.SystemCenter.AgentVersions:10.19.10177.0.,10.19.10177.0.,A8B7D7FF-67F8-09E5-F6D0-CA93BAD4B645,1270,1085,1,10.19.10177.0.,,1
10.20.18064.0.,2022-02-16 11:40:49,Microsoft.SystemCenter.AgentVersions:10.20.18064.0.,10.20.18064.0.,ACD4196D-FF16-22C4-F4F7-14A965A94244,1262,1085,1,10.20.18064.0.,,1
"A connector used by Operations Manager components to insert discovery data, please create your own connector do not use this connector.",2022-01-20 20:57:57,Microsoft.SystemCenter.Connector:7431e155-3d9e-4724-895e-c03ba951a352,"A connector used by Operations Manager components to insert discovery data, please create your own connector do not use this connector.",0A2922C6-75E3-3662-8F79-CD5DCB1FB418,117,92,1,7431e155-3d9e-4724-895e-c03ba951a352,,1
Action,2022-01-20 20:53:09,"System.ExtensionType:Action,3|||ManagementPackActionType||,3|||ActionsType||",Action,DBFC4AB7-9673-EC12-670C-3418C382DE50,52,29,1,"Action,3|||ManagementPackActionType||,3|||ActionsType||",,1
Actions,2022-01-20 20:53:09,"System.ExtensionType:Actions,3|||ActionsType||,3|||CubeExtension||",Actions,7BB51F01-FC7E-CAB2-340F-CB28EFC0F1DE,18,29,1,"Actions,3|||ActionsType||,3|||CubeExtension||",,1
Actions,2022-01-20 20:53:09,"System.ExtensionType:Actions,3|||ActionsType||,3|||SystemCenterCube||",Actions,2960F4C8-D16D-3812-5AA5-E477438DB72E,85,29,1,"Actions,3|||ActionsType||,3|||SystemCenterCube||",,1
ActionsType,2022-01-20 20:53:09,System.ExtensionType:3|||ActionsType||,ActionsType,07D83112-2296-3217-761E-3D95ED31906F,51,29,1,3|||ActionsType||,,1
ActionType,2022-01-20 20:53:09,"System.ExtensionType:ActionType,3|||ManagementPackCubeAction||,3|||ManagementPackActionType||",ActionType,38F27A2E-D54B-94A8-6626-9845BB1D4A1D,28,29,1,"ActionType,3|||ManagementPackCubeAction||,3|||ManagementPackActionType||",,1
AD Assignment Resource Pool,2022-01-20 20:57:57,Microsoft.SystemCenter.ADAssignmentResourcePool,AD Assignment Resource Pool,529CF61E-A357-5AED-73CC-81D48E4327CA,141,71,1,,,1
AD Assignment Resource Pool,2022-01-20 20:57:57,Microsoft.SystemCenter.ADAssignmentResourcePoolWatchersGroup,AD Assignment Resource Pool,B07B5B54-315F-7A9C-AC96-A1304CAFE068,142,73,1,,,1
AD Assignment Resource Pool Watcher,2022-01-20 20:58:27,Microsoft.SystemCenter.ManagementServicePoolWatcher:{529CF61E-A357-5AED-73CC-81D48E4327CA},AD Assignment Resource Pool Watcher,24686568-C9D5-65D8-0534-874DA347BDA4,154,123,1,{529CF61E-A357-5AED-73CC-81D48E4327CA},,1
Advanced Network Adapters Group,2022-01-20 21:06:57,System.NetworkManagement.AdvancedNetworkAdapterGroup,Advanced Network Adapters Group,D5FBF768-2658-CCAA-DDBF-DA8B6DEBC697,167,244,1,,,1
Advisor Settings,2022-01-20 21:41:07,Microsoft.SystemCenter.Advisor.Settings,Advisor Settings,2808E8FE-E2B9-B0DB-432B-B3173DAE94D9,222,1275,1,,,1
Agentless Exception Monitoring,2022-01-20 21:02:27,Microsoft.SystemCenter.AgentlessExceptionMonitoring.Group,Agentless Exception Monitoring,B602FE96-50BC-832C-6641-13CBDEBF67C2,161,178,1,,,1
Agentless Managed Computer Group,2022-01-20 20:57:57,Microsoft.SystemCenter.AgentlessManagedComputerGroup,Agentless Managed Computer Group,16B2DB18-F45F-946C-5B83-123F09CFD60B,127,78,1,,,1
Alert data set,2022-01-20 21:00:27,Microsoft.SystemCenter.DataWarehouse.DataSet:d5d98918-bdd3-417e-b4a9-2c056ff39e0c,Alert data set,1362B39E-9F35-9502-8249-B25D0D301A18,157,147,1,d5d98918-bdd3-417e-b4a9-2c056ff39e0c,,1
Alert Notification Subscription Server,2022-01-20 21:31:07,Microsoft.SystemCenter.AlertNotificationSubscriptionServer,Alert Notification Subscription Server,E07E3FAB-53BC-BC14-1634-5A6E949F9230,208,1059,1,,,1
AliasReplacementDimensionAs,2022-01-20 20:53:09,"System.ExtensionType:AliasReplacementDimensionAs,3|||String||,3|||ManagementPackCubeSubstitutionType||",AliasReplacementDimensionAs,8CBFC82A-CF5A-31D6-474F-5D60A11D91C4,99,29,1,"AliasReplacementDimensionAs,3|||String||,3|||ManagementPackCubeSubstitutionType||",,1
AliasTargetDimensionAs,2022-01-20 20:53:09,"System.ExtensionType:AliasTargetDimensionAs,3|||String||,3|||ManagementPackCubeSubstitutionType||",AliasTargetDimensionAs,55442694-3403-6F4D-D61E-27E26A7F51E8,111,29,1,"AliasTargetDimensionAs,3|||String||,3|||ManagementPackCubeSubstitutionType||",,1
All Business Critical Windows 2000/XP Clients,2022-01-20 21:16:27,Microsoft.Windows.Client.BusinessCriticalClient.ComputerGroup,All Business Critical Windows 2000/XP Clients,DD169C98-98AF-ED6F-EE8A-B2C08371DF6B,183,954,1,,,1
All Management Servers Resource Pool,2022-01-20 20:57:57,Microsoft.SystemCenter.AllManagementServersPool,All Management Servers Resource Pool,4932D8F0-C8E2-2F4B-288E-3ED98A340B9F,133,85,1,,,1
All Management Servers Resource Pool,2022-01-20 20:57:57,Microsoft.SystemCenter.ManagementServicePoolWatchersGroup,All Management Servers Resource Pool,BCB643D0-62C8-7555-FFE0-36C1A86101A4,131,124,1,,,1
All Management Servers Resource Pool DB Watcher,2022-01-20 20:57:57,Microsoft.SystemCenter.OpsMgrDBWatcher:ITDSVRNADIA01.intellidyne-llc.local,All Management Servers Resource Pool DB Watcher,9D7203AC-7A7F-35DC-4B19-B5DCD9C986F3,125,128,1,,ITDSVRNADIA01.intellidyne-llc.local,1
All Management Servers Resource Pool DB Watcher DW Watcher,2022-01-20 20:57:57,Microsoft.SystemCenter.OpsMgrDWWatcher:ITDSVRNADIA01.intellidyne-llc.local,All Management Servers Resource Pool DB Watcher DW Watcher,9DA4C9CB-025A-9802-99D6-8E54FE115848,148,130,1,,ITDSVRNADIA01.intellidyne-llc.local,1
All Management Servers Resource Pool Watcher,2022-01-20 20:58:27,Microsoft.SystemCenter.ManagementServicePoolWatcher:{4932D8F0-C8E2-2F4B-288E-3ED98A340B9F},All Management Servers Resource Pool Watcher,5A93A06F-1018-16F9-D0F6-8F25180020E0,156,123,1,{4932D8F0-C8E2-2F4B-288E-3ED98A340B9F},,1
All Network Connection Group,2022-01-20 21:06:57,System.NetworkManagement.AllNetworkConnection.Group,All Network Connection Group,D848A02D-1C88-5FF9-3C77-3FCB343887C4,164,283,1,,,1
All Network Monitoring Group,2022-01-20 21:06:57,System.NetworkManagement.AllNetworkMonitoring.Group,All Network Monitoring Group,E21A1FD6-9B71-9BF7-1D33-899E80AA2E8C,165,284,1,,,1
All Operations Manager Objects Group,2022-01-20 21:29:37,Microsoft.SystemCenter.AllOperationsManagerObjectsGroup,All Operations Manager Objects Group,63310711-03E6-680F-B1AA-63E6C9CD838B,206,1058,1,,,1
All Windows Computers,2022-01-20 20:57:57,Microsoft.SystemCenter.AllComputersGroup,All Windows Computers,6F7E3306-BEEB-2996-3795-7C1EAFB925B8,139,84,1,,,1
APM data set,2022-01-20 21:21:27,Microsoft.SystemCenter.DataWarehouse.DataSet:0100509f-4995-4480-bf6e-4366790133e8,APM data set,E07C97B7-0FA2-A309-6664-D46FF6EB0404,196,147,1,0100509f-4995-4480-bf6e-4366790133e8,,1
APM Exception Event Rate Collection Group,2022-01-20 21:20:27,Microsoft.SystemCenter.Apm.ExceptionRateMonitor.Group,APM Exception Event Rate Collection Group,84ED5870-E7A7-35EC-6EF0-D857F1415F47,195,978,1,,,1
APM Performance Collection Group,2022-01-20 21:20:27,Microsoft.SystemCenter.Apm.AlertPerformanceAspectRule.Group,APM Performance Collection Group,7B5A53DE-C2F7-3803-94EA-B356BB98F8E3,192,970,1,,,1
APM Performance Event Rate Collection Group,2022-01-20 21:20:27,Microsoft.SystemCenter.Apm.PerformanceRateMonitor.Group,APM Performance Event Rate Collection Group,D6688D02-D962-EE8A-362E-50F3760A8C68,189,984,1,,,1
APM Request Time Collection Group,2022-01-20 21:20:27,Microsoft.SystemCenter.Apm.AvgRequestTimeMonitor.Group,APM Request Time Collection Group,F84CA554-00BF-9CB0-FC7A-A84FF1AF84A8,194,977,1,,,1
APM Security Failure Collection Group,2022-01-20 21:20:27,Microsoft.SystemCenter.Apm.AlertSecurityAspectRule.Group,APM Security Failure Collection Group,4587D05B-15A6-22F0-FD8B-4A163DDB0604,193,971,1,,,1
App Advisor DB,2022-01-20 20:58:27,Microsoft.SystemCenter.DataWarehouse.AppMonitoring,App Advisor DB,06430687-68E1-E78C-F73C-AC2EF22055C0,152,146,1,,,1
App Diagnostics DB,2022-01-20 20:57:57,Microsoft.SystemCenter.OpsMgrDB.AppMonitoring,App Diagnostics DB,DEF3C2DF-1113-9905-483F-FB05B5E10464,147,127,1,,,1
Audit Collection Services,2022-01-20 21:26:37,Microsoft.SystemCenter.AuditCollectionService.Group,Audit Collection Services,45952384-F5C8-360A-F4DE-F7B33DC3091E,199,1041,1,,,1
Bool,2022-01-20 20:53:09,"System.ExtensionType:Bool,3|||EnumerationValue||,3|||ColumnTypes||",Bool,5963B6AC-033B-80EA-6435-989B3BB37060,112,29,1,"Bool,3|||EnumerationValue||,3|||ColumnTypes||",,1
Calculation,2022-01-20 20:53:09,"System.ExtensionType:Calculation,3|||String||,3|||ManagementPackNamedCalculationType||",Calculation,48130B2B-C8B9-5EED-F874-5CD0444832DE,58,29,1,"Calculation,3|||String||,3|||ManagementPackNamedCalculationType||",,1
Caption,2022-01-20 20:53:09,"System.ExtensionType:Caption,3|||String||,3|||ManagementPackKeyPerformanceIndicatorType||",Caption,D80F264B-3905-BC15-3319-60808852B37E,37,29,1,"Caption,3|||String||,3|||ManagementPackKeyPerformanceIndicatorType||",,1
Client Monitoring Data Group,2022-01-20 21:02:27,Microsoft.SystemCenter.CM.ClientMonitoringGroup,Client Monitoring Data Group,F62A98D0-ABF5-F0E6-DF20-3C9E37A535C2,162,189,1,,,1
Client Monitoring data set,2022-01-20 21:34:37,Microsoft.SystemCenter.DataWarehouse.DataSet:cc876677-284b-4e5d-bacb-a539613e5f7d,Client Monitoring data set,1904DE73-CD06-58C3-0037-47B37F0E7E29,211,147,1,cc876677-284b-4e5d-bacb-a539613e5f7d,,1
ColumnType,2022-01-20 20:53:09,"System.ExtensionType:ColumnType,3|||ColumnTypes||,3|||ManagementPackNamedCalculationType||",ColumnType,C14A6027-D1F7-C350-C71D-6C2DC3C96ED4,35,29,1,"ColumnType,3|||ColumnTypes||,3|||ManagementPackNamedCalculationType||",,1
ColumnTypes,2022-01-20 20:53:09,System.ExtensionType:3|||ColumnTypes||,ColumnTypes,D5544950-83A0-96D3-C134-B4ED4C824013,66,29,1,3|||ColumnTypes||,,1
Comment,2022-01-20 20:53:09,"System.ExtensionType:Comment,3|||ManagementPackString||,3|||ManagementPackElement||",Comment,5D6B2125-2E01-1ED0-167F-89A402680DD6,31,29,1,"Comment,3|||ManagementPackString||,3|||ManagementPackElement||",,1
Comment,2022-01-20 20:53:09,"System.ExtensionType:Comment,3|||ManagementPackString||,3|||ManagementPackSubElement||",Comment,3CFDD2EC-18CC-6309-1A89-EEF4897C663E,3,29,1,"Comment,3|||ManagementPackString||,3|||ManagementPackSubElement||",,1
ConfigurationObject,2022-01-20 20:53:09,System.ExtensionType:3|||ConfigurationObject||,ConfigurationObject,8BEE550E-7F3E-BF51-28F6-E4905ECBD440,2,29,1,3|||ConfigurationObject||,,1
Connector for populating network devices.,2022-01-20 20:57:57,Microsoft.SystemCenter.Connector:3042eef3-838b-4a9f-b215-300ba73fd0ae,Connector for populating network devices.,2AEB49E1-CA4D-A979-B319-E1EDC85A74CF,118,92,1,3042eef3-838b-4a9f-b215-300ba73fd0ae,,1
Connector for populating SMASH devices.,2022-01-20 20:57:57,Microsoft.SystemCenter.Connector:8a82c145-3eaf-4169-94a0-771df3a6b069,Connector for populating SMASH devices.,3077F417-4185-1551-3C71-F5EA03A1F11E,119,92,1,8a82c145-3eaf-4169-94a0-771df3a6b069,,1
Count,2022-01-20 20:53:09,"System.ExtensionType:Count,3|||EnumerationValue||,3|||MeasureTypes||",Count,8304FD8D-ADBE-A015-EF78-E3A093850A12,114,29,1,"Count,3|||EnumerationValue||,3|||MeasureTypes||",,1
Critical Network Adapters Group,2022-01-20 21:06:57,System.NetworkManagement.CriticalNetworkAdapterGroup,Critical Network Adapters Group,FB521446-13DB-DC96-85BF-6879183999FD,168,479,1,,,1
CubeDimension,2022-01-20 20:53:09,"System.ExtensionType:CubeDimension,3|||String||,3|||DrillthroughColumnType||",CubeDimension,CD38E772-38AA-D15A-8ED5-A908C7F641FC,22,29,1,"CubeDimension,3|||String||,3|||DrillthroughColumnType||",,1
CubeDimension,2022-01-20 20:53:09,"System.ExtensionType:CubeDimension,3|||String||,3|||ManagementPackManyToManyRelationshipType||",CubeDimension,D1CCF1F3-D105-8E84-AB59-191148D3FDC2,40,29,1,"CubeDimension,3|||String||,3|||ManagementPackManyToManyRelationshipType||",,1
CubeExtension,2022-01-20 20:53:09,System.ExtensionType:3|||CubeExtension||,CubeExtension,17AD270C-007C-AC0E-F6C3-B87F0C5E489A,19,29,1,3|||CubeExtension||,,1
CustomMDX,2022-01-20 20:53:09,"System.ExtensionType:CustomMDX,3|||Reference||,3|||CubeExtension||",CustomMDX,B21CFAFD-B447-D28A-C3BC-94BF42D38159,27,29,1,"CustomMDX,3|||Reference||,3|||CubeExtension||",,1
CustomMDX,2022-01-20 20:53:09,"System.ExtensionType:CustomMDX,3|||Reference||,3|||SystemCenterCube||",CustomMDX,960CCA2D-FEEC-9B38-166C-9AC5F0E2B0C3,78,29,1,"CustomMDX,3|||Reference||,3|||SystemCenterCube||",,1
Cylinder,2022-01-20 20:53:09,"System.ExtensionType:Cylinder,3|||EnumerationValue||,3|||StatusGraphic||",Cylinder,50C669F9-4E90-AD8F-A2E5-9FAEEDB915E1,106,29,1,"Cylinder,3|||EnumerationValue||,3|||StatusGraphic||",,1
Data Access Service - ITDSVRNADIA01.intellidyne-llc.local,2022-01-20 21:22:27,Microsoft.SystemCenter.Apm.NTServiceEndpoint:ITDSVRNADIA01.intellidyne-llc.local;OMSDK,Data Access Service - ITDSVRNADIA01.intellidyne-llc.local,D2EA159C-FC18-260A-D705-68D50CCD7A0D,197,1033,1,OMSDK,ITDSVRNADIA01.intellidyne-llc.local,1
Data Access Service - ITDSVRNADIA01.intellidyne-llc.local,2022-01-20 21:37:37,Microsoft.SystemCenter.ManagementDataAccessService:ITDSVRNADIA01.intellidyne-llc.local;OMSDK,Data Access Service - ITDSVRNADIA01.intellidyne-llc.local,81FC70CC-E466-6097-0422-0BBA52A45B61,218,1261,1,OMSDK,ITDSVRNADIA01.intellidyne-llc.local,1
Data Access Service Group,2022-01-20 21:37:37,Microsoft.SystemCenter.ManagementDataAccessServiceGroup,Data Access Service Group,5089FE1D-CE58-85D3-E5E0-7A5991EE05AD,219,1262,1,,,1
Data Warehouse Database,2022-01-20 20:57:57,Microsoft.SystemCenter.OpsMgrDWWatchersGroup,Data Warehouse Database,D47C6DE1-7941-3C86-C3A1-BEDD0ED8BE5F,149,131,1,,,1
Data Warehouse Synchronization Service,2022-01-20 21:41:37,Microsoft.SystemCenter.DataWarehouseSynchronizationService:54d014c9-3b8b-46f8-9244-042b82f2f2ea,Data Warehouse Synchronization Service,B8649FB7-339B-DA18-267B-CEC8A0DE72A6,223,1277,1,54d014c9-3b8b-46f8-9244-042b82f2f2ea,,1
Databases,2022-01-20 20:57:57,Microsoft.SystemCenter.DataBaseGroup,Databases,6823D0D6-46CF-31F7-23EB-7EEA809703CF,140,94,1,,,1
DateDimAlias,2022-01-20 20:53:09,"System.ExtensionType:DateDimAlias,3|||String||,3|||MeasureGroupReference||",DateDimAlias,FA6DE4A3-1B33-622D-E996-B49843A2829D,71,29,1,"DateDimAlias,3|||String||,3|||MeasureGroupReference||",,1
DimensionRelationalAlias,2022-01-20 20:53:09,"System.ExtensionType:DimensionRelationalAlias,3|||String||,3|||ManagementPackCubeSubstitutionType||",DimensionRelationalAlias,E9FDDB52-B361-1E34-8992-AB2766B861E8,81,29,1,"DimensionRelationalAlias,3|||String||,3|||ManagementPackCubeSubstitutionType||",,1
Direction,2022-01-20 20:53:09,"System.ExtensionType:Direction,3|||KPIDirection||,3|||ManagementPackKeyPerformanceIndicatorType||",Direction,7C869A0F-D0E4-7BF9-2D7A-B057B61DE3A6,21,29,1,"Direction,3|||KPIDirection||,3|||ManagementPackKeyPerformanceIndicatorType||",,1
Double,2022-01-20 20:53:09,"System.ExtensionType:Double,3|||EnumerationValue||,3|||ColumnTypes||",Double,C437BA9B-75B1-96BB-3F0C-97883AC6CB0F,67,29,1,"Double,3|||EnumerationValue||,3|||ColumnTypes||",,1
Down,2022-01-20 20:53:09,"System.ExtensionType:Down,3|||EnumerationValue||,3|||KPIDirection||",Down,6CDA7973-CBAB-0055-DC87-A4859AA2AAB4,74,29,1,"Down,3|||EnumerationValue||,3|||KPIDirection||",,1
DrillThrough,2022-01-20 20:53:09,"System.ExtensionType:DrillThrough,3|||EnumerationValue||,3|||ManagementPackCubeAction||",DrillThrough,F58D7CDA-27D7-E375-DBAE-6383AC06FCE2,89,29,1,"DrillThrough,3|||EnumerationValue||,3|||ManagementPackCubeAction||",,1
DrillThroughColumns,2022-01-20 20:53:09,"System.ExtensionType:DrillThroughColumns,3|||DrillthroughColumnType||,3|||ManagementPackActionType||",DrillThroughColumns,562B669B-03CC-99F2-F7E2-E3AB401ED694,10,29,1,"DrillThroughColumns,3|||DrillthroughColumnType||,3|||ManagementPackActionType||",,1
DrillthroughColumnType,2022-01-20 20:53:09,System.ExtensionType:3|||DrillthroughColumnType||,DrillthroughColumnType,64A9CEAC-E4C1-E160-45A0-86F38F77F974,26,29,1,3|||DrillthroughColumnType||,,1
DW15.,2022-02-15 20:44:10,Microsoft.SystemCenter.CM.AEM.MapperType:DW15.,DW15.,1F6BA226-CF3F-9AB5-F9BB-F6609CF46A25,1237,183,1,DW15.,,1
DW20.,2022-02-15 20:44:10,Microsoft.SystemCenter.CM.AEM.MapperType:DW20.,DW20.,50F954D0-0289-85E9-53AE-1790970DB7E9,1238,183,1,DW20.,,1
Enumeration,2022-01-20 20:53:09,System.ExtensionType:3|||Enumeration||,Enumeration,A6346348-9533-C3EE-9BC7-815FB1E27AAD,60,29,1,3|||Enumeration||,,1
Event data set,2022-01-20 21:00:27,Microsoft.SystemCenter.DataWarehouse.DataSet:daaca363-30ec-4c23-8a7e-5e0d64acc5be,Event data set,AD20AC07-7C9E-5661-068A-60ADB3592184,158,147,1,daaca363-30ec-4c23-8a7e-5e0d64acc5be,,1
Faces,2022-01-20 20:53:09,"System.ExtensionType:Faces,3|||EnumerationValue||,3|||StatusGraphic||",Faces,BFC4138F-A68F-0B67-C874-5B173E00DF8D,107,29,1,"Faces,3|||EnumerationValue||,3|||StatusGraphic||",,1
Fact,2022-01-20 20:53:09,"System.ExtensionType:Fact,3|||Reference||,3|||MeasureGroupReference||",Fact,2C80F4D3-095C-4D6A-9DB6-147007877131,69,29,1,"Fact,3|||Reference||,3|||MeasureGroupReference||",,1
Gauge,2022-01-20 20:53:09,"System.ExtensionType:Gauge,3|||EnumerationValue||,3|||StatusGraphic||",Gauge,C39A4F25-9BED-78F4-4CF5-CB73904EBC8A,64,29,1,"Gauge,3|||EnumerationValue||,3|||StatusGraphic||",,1
Generic,2022-01-20 20:53:09,"System.ExtensionType:Generic,3|||EnumerationValue||,3|||ManagementPackCubeAction||",Generic,AF62B94E-DF9B-D463-F5EF-74A5F81FCE36,91,29,1,"Generic,3|||EnumerationValue||,3|||ManagementPackCubeAction||",,1
Generic.AppCrash,2022-02-15 20:44:10,Microsoft.SystemCenter.CM.AEM.MapperType:Generic.AppCrash,Generic.AppCrash,AE1DCAF5-747E-20FA-DB14-783195044C03,1240,183,1,Generic.AppCrash,,1
Generic.CLR20R3,2022-02-15 20:44:10,Microsoft.SystemCenter.CM.AEM.MapperType:Generic.CLR20R3,Generic.CLR20R3,DF1D8D52-BF0F-FDBA-A42C-05AD6AD4AF1B,1239,183,1,Generic.CLR20R3,,1
Goal,2022-01-20 20:53:09,"System.ExtensionType:Goal,3|||String||,3|||ManagementPackKeyPerformanceIndicatorType||",Goal,217FD485-C99E-2044-7B5B-E8FFC55185C5,13,29,1,"Goal,3|||String||,3|||ManagementPackKeyPerformanceIndicatorType||",,1
GreenThreshold,2022-01-20 20:53:09,"System.ExtensionType:GreenThreshold,3|||Double||,3|||ManagementPackKeyPerformanceIndicatorType||",GreenThreshold,0B574BD5-C53B-CAAC-3777-699D02C8CEF3,34,29,1,"GreenThreshold,3|||Double||,3|||ManagementPackKeyPerformanceIndicatorType||",,1
Group of all network interfaces being actively monitored,2022-01-20 21:06:57,System.NetworkManagement.MonitoredAdapters.Group,Group of all network interfaces being actively monitored,EA581DAA-2BC3-C086-6ACA-62940E42DE43,173,712,1,,,1
ID,2022-01-20 20:53:09,"System.ExtensionType:ID,3|||String||,3|||ConfigurationObject||",ID,D36F431F-B026-6A26-3B2D-51C25769D18E,55,29,1,"ID,3|||String||,3|||ConfigurationObject||",,1
Infrastructure Group,2022-01-20 20:57:57,Microsoft.SystemCenter.Infrastructure.Group,Infrastructure Group,E84CC1FC-191E-99B1-AAC7-727C390AA735,138,105,1,,,1
InstanceName,2022-01-20 20:53:09,"System.ExtensionType:InstanceName,3|||String||,3|||ConfigurationObject||",InstanceName,25C10C40-C8FD-73FD-F78F-72CF5CA57120,29,29,1,"InstanceName,3|||String||,3|||ConfigurationObject||",,1
Int,2022-01-20 20:53:09,"System.ExtensionType:Int,3|||EnumerationValue||,3|||ColumnTypes||",Int,9A05AF88-BE30-C6D4-C7EB-38F6865BB9E4,109,29,1,"Int,3|||EnumerationValue||,3|||ColumnTypes||",,1
IntermediateMeasureGroup,2022-01-20 20:53:09,"System.ExtensionType:IntermediateMeasureGroup,3|||String||,3|||ManagementPackManyToManyRelationshipType||",IntermediateMeasureGroup,D422BDA7-B53E-637B-F8F1-47AFBE6993BB,49,29,1,"IntermediateMeasureGroup,3|||String||,3|||ManagementPackManyToManyRelationshipType||",,1
Internal_ElementId,2022-01-20 20:53:09,"System.ExtensionType:Internal_ElementId,3|||Guid||,3|||ConfigurationObject||",Internal_ElementId,3CBC6D37-92A4-C7AA-3802-46D4FD355DAC,48,29,1,"Internal_ElementId,3|||Guid||,3|||ConfigurationObject||",,1
Internal_ManagementPackId,2022-01-20 20:53:09,"System.ExtensionType:Internal_ManagementPackId,3|||Guid||,3|||ConfigurationObject||",Internal_ManagementPackId,BD60B85C-14C0-9F4D-F5B9-63200D28AA57,38,29,1,"Internal_ManagementPackId,3|||Guid||,3|||ConfigurationObject||",,1
Internal_ParentId,2022-01-20 20:53:09,"System.ExtensionType:Internal_ParentId,3|||Guid||,3|||ConfigurationObject||",Internal_ParentId,6E0FF0DD-BC43-4290-A570-F6222D60230E,1,29,1,"Internal_ParentId,3|||Guid||,3|||ConfigurationObject||",,1
ITDSVRNADIA01.intellidyne-llc.local,2022-01-20 20:57:27,Microsoft.Windows.Computer:ITDSVRNADIA01.intellidyne-llc.local,ITDSVRNADIA01.intellidyne-llc.local,12DE7119-EB51-AF78-74CE-A54A7AD7676A,115,53,1,ITDSVRNADIA01.intellidyne-llc.local,,1
ITDSVRNADIA01.intellidyne-llc.local,2022-01-20 20:57:57,Microsoft.SystemCenter.HealthService:ITDSVRNADIA01.intellidyne-llc.local,ITDSVRNADIA01.intellidyne-llc.local,9B5C4F5A-3D19-5FD3-55D1-70540CBA5A9D,124,101,1,,ITDSVRNADIA01.intellidyne-llc.local,1
ITDSVRNADIA01.intellidyne-llc.local,2022-01-20 20:57:57,Microsoft.SystemCenter.ManagementService:9b5c4f5a-3d19-5fd3-55d1-70540cba5a9d,ITDSVRNADIA01.intellidyne-llc.local,6D2698D6-4AC1-5C2D-FB5E-91C471D5AA77,123,120,1,9b5c4f5a-3d19-5fd3-55d1-70540cba5a9d,,1
ITDSVRNADIA01.intellidyne-llc.local,2022-01-20 20:58:27,Microsoft.SystemCenter.HealthServiceWatcher:Microsoft.SystemCenter.CollectionManagementServerWatcherGroup;9b5c4f5a-3d19-5fd3-55d1-70540cba5a9d,ITDSVRNADIA01.intellidyne-llc.local,369C62DE-EC38-405C-6861-2F418C4BD218,151,103,1,9b5c4f5a-3d19-5fd3-55d1-70540cba5a9d,Microsoft.SystemCenter.CollectionManagementServerWatcherGroup,1
ITDSVRNADIA01.intellidyne-llc.local,2022-01-20 21:19:27,Microsoft.SystemCenter.Apm.ApmAgent:ITDSVRNADIA01.intellidyne-llc.local,ITDSVRNADIA01.intellidyne-llc.local,7FFB599A-BEAF-D60B-D452-45539F20DAB0,188,962,1,,ITDSVRNADIA01.intellidyne-llc.local,1
ITDSVRNADIA01.intellidyne-llc.local,2022-01-20 21:36:37,LW.Microsoft.3rdParty.Calcomp.CHS:ITDSVRNADIA01.intellidyne-llc.local,ITDSVRNADIA01.intellidyne-llc.local,61DF82F1-A0C2-0739-75CD-1C9943E2A399,214,1091,1,,ITDSVRNADIA01.intellidyne-llc.local,1
ITDSVRNADIA01.intellidyne-llc.local,2022-01-20 21:36:37,LW.Microsoft.Windows.Defender.Role.2016:ITDSVRNADIA01.intellidyne-llc.local,ITDSVRNADIA01.intellidyne-llc.local,14E43FE1-88B5-009E-1476-05E09ACEC64B,216,1153,1,,ITDSVRNADIA01.intellidyne-llc.local,1
ITDSVRNADIA01.intellidyne-llc.local,2022-01-20 21:36:37,LW.Microsoft.Windows.InternetInformationServices.6.4.ServerRole:ITDSVRNADIA01.intellidyne-llc.local,ITDSVRNADIA01.intellidyne-llc.local,ADF45E82-1DDC-92AA-1212-1B5F2FC27578,217,1167,1,,ITDSVRNADIA01.intellidyne-llc.local,1
ITDSVRNADIA01.intellidyne-llc.local,2022-01-20 21:36:37,LW.Microsoft.Windows.MSDTC.2016:ITDSVRNADIA01.intellidyne-llc.local,ITDSVRNADIA01.intellidyne-llc.local,D2FA3979-54C6-F959-9643-EEE5B41A0217,215,1169,1,,ITDSVRNADIA01.intellidyne-llc.local,1
ITDSVRNADIA01.intellidyne-llc.local,2022-01-21 17:22:28,Microsoft.SQLServer.ReportingServices.Core.EventLogCollectionTarget:ITDSVRNADIA01.intellidyne-llc.local,ITDSVRNADIA01.intellidyne-llc.local,D36EC2BD-A7F2-865E-A030-D4168A5A2A11,233,1312,1,,ITDSVRNADIA01.intellidyne-llc.local,1
ITDSVRNADIA01.intellidyne-llc.local,2022-01-21 17:24:28,Microsoft.SQLServer.ReportingServices.Windows.LocalSeed:ITDSVRNADIA01.intellidyne-llc.local,ITDSVRNADIA01.intellidyne-llc.local,1C60ADEA-EDBE-7BD1-B29D-D2FD73CF742F,234,1317,1,,ITDSVRNADIA01.intellidyne-llc.local,1
ITDSVRNADIA01.intellidyne-llc.local,2022-02-15 22:58:40,LW.Microsoft.Windows.FileServices.Service.iSCSITarget.6.3:ITDSVRNADIA01.intellidyne-llc.local,ITDSVRNADIA01.intellidyne-llc.local,9060C304-FC10-CEF9-4311-09F4AE4C4F58,1253,1164,1,,ITDSVRNADIA01.intellidyne-llc.local,1
ITDSVRNADIA01.intellidyne-llc.local.Operations Manager Data Warehouse,2022-01-20 21:28:37,Microsoft.SystemCenter.Installed.Database:ITDSVRNADIA01.intellidyne-llc.local;ITDSVRNADIA01.intellidyne-llc.local.Operations Manager Data Warehouse,ITDSVRNADIA01.intellidyne-llc.local.Operations Manager Data Warehouse,FE54138F-9EC8-1574-5B53-C5A3F8D45AC1,204,1047,1,ITDSVRNADIA01.intellidyne-llc.local.Operations Manager Data Warehouse,ITDSVRNADIA01.intellidyne-llc.local,1
ITDSVRNADIA01.intellidyne-llc.local.Operations Manager Database,2022-01-20 21:28:37,Microsoft.SystemCenter.Installed.Database:ITDSVRNADIA01.intellidyne-llc.local;ITDSVRNADIA01.intellidyne-llc.local.Operations Manager Database,ITDSVRNADIA01.intellidyne-llc.local.Operations Manager Database,958E305B-79EB-93FD-12C1-9722E502ABE3,205,1047,1,ITDSVRNADIA01.intellidyne-llc.local.Operations Manager Database,ITDSVRNADIA01.intellidyne-llc.local,1
ITDSVRNADIA01.intellidyne-llc.local.System Center Operations Manager Console,2022-01-20 21:28:37,Microsoft.SystemCenter.Installed.OMProducts:ITDSVRNADIA01.intellidyne-llc.local;ITDSVRNADIA01.intellidyne-llc.local.System Center Operations Manager Console,ITDSVRNADIA01.intellidyne-llc.local.System Center Operations Manager Console,28D73026-BB97-B45D-0802-33EC35D6B0FE,201,1048,1,ITDSVRNADIA01.intellidyne-llc.local.System Center Operations Manager Console,ITDSVRNADIA01.intellidyne-llc.local,1
ITDSVRNADIA01.intellidyne-llc.local.System Center Operations Manager Reporting Server,2022-01-20 21:51:58,Microsoft.SystemCenter.Installed.OMProducts:ITDSVRNADIA01.intellidyne-llc.local;ITDSVRNADIA01.intellidyne-llc.local.System Center Operations Manager Reporting Server,ITDSVRNADIA01.intellidyne-llc.local.System Center Operations Manager Reporting Server,BF1C5F55-99D4-EF40-F9A1-E4F67BA04648,225,1048,1,ITDSVRNADIA01.intellidyne-llc.local.System Center Operations Manager Reporting Server,ITDSVRNADIA01.intellidyne-llc.local,1
ITDSVRNADIA01.intellidyne-llc.local.System Center Operations Manager Server,2022-01-20 21:28:37,Microsoft.SystemCenter.Installed.OMProducts:ITDSVRNADIA01.intellidyne-llc.local;ITDSVRNADIA01.intellidyne-llc.local.System Center Operations Manager Server,ITDSVRNADIA01.intellidyne-llc.local.System Center Operations Manager Server,41F64CD5-57D2-8C51-BA6E-55901815D213,202,1048,1,ITDSVRNADIA01.intellidyne-llc.local.System Center Operations Manager Server,ITDSVRNADIA01.intellidyne-llc.local,1
ITDSVRNADIA01.intellidyne-llc.local.System Center Operations Manager Web Console,2022-01-20 21:28:37,Microsoft.SystemCenter.Installed.OMProducts:ITDSVRNADIA01.intellidyne-llc.local;ITDSVRNADIA01.intellidyne-llc.local.System Center Operations Manager Web Console,ITDSVRNADIA01.intellidyne-llc.local.System Center Operations Manager Web Console,44E0E510-2CA3-67C6-EE41-1AE479A395C0,203,1048,1,ITDSVRNADIA01.intellidyne-llc.local.System Center Operations Manager Web Console,ITDSVRNADIA01.intellidyne-llc.local,1
ITDSVRNADIA01\PBIRS,2022-01-21 17:28:58,Microsoft.SQLServer.ReportingServices.Windows.Instance:ITDSVRNADIA01.intellidyne-llc.local;PBIRS,ITDSVRNADIA01\PBIRS,E1342459-570C-AB6E-3D8F-42C4EB64532F,236,1316,1,PBIRS,ITDSVRNADIA01.intellidyne-llc.local,1
ITDSVRNADIA01\SSRS,2022-01-21 17:28:58,Microsoft.SQLServer.ReportingServices.Windows.Instance:ITDSVRNADIA01.intellidyne-llc.local;SSRS,ITDSVRNADIA01\SSRS,5D705E11-C7A8-854D-B9E5-64A19B6EC072,237,1316,1,SSRS,ITDSVRNADIA01.intellidyne-llc.local,1
KPI,2022-01-20 20:53:09,"System.ExtensionType:KPI,3|||ManagementPackKeyPerformanceIndicatorType||,3|||KPISType||",KPI,50FEAD07-6C4A-6423-21A0-5E94D140AA17,59,29,1,"KPI,3|||ManagementPackKeyPerformanceIndicatorType||,3|||KPISType||",,1
KPIDirection,2022-01-20 20:53:09,System.ExtensionType:3|||KPIDirection||,KPIDirection,BA4F7770-984A-D9AA-23C1-08A2601873CE,92,29,1,3|||KPIDirection||,,1
KPIS,2022-01-20 20:53:09,"System.ExtensionType:KPIS,3|||KPISType||,3|||CubeExtension||",KPIS,0DF3D2E6-E0C7-B794-8530-D10726820C5F,15,29,1,"KPIS,3|||KPISType||,3|||CubeExtension||",,1
KPIS,2022-01-20 20:53:09,"System.ExtensionType:KPIS,3|||KPISType||,3|||SystemCenterCube||",KPIS,DAAA1BEE-06A7-CAE9-D6C5-A5D429742F5F,70,29,1,"KPIS,3|||KPISType||,3|||SystemCenterCube||",,1
KPISType,2022-01-20 20:53:09,System.ExtensionType:3|||KPISType||,KPISType,345FBCBB-E9FA-A317-31A1-D9A632B84D8F,9,29,1,3|||KPISType||,,1
Managed Computer Network Adapters Group,2022-01-20 21:06:57,System.NetworkManagement.UserNetworkAdapterGroup,Managed Computer Network Adapters Group,6C9E785C-9ECA-C7EA-3EB0-EF2B096A085B,172,875,1,,,1
Management Configuration Service,2022-01-20 21:22:27,Microsoft.SystemCenter.Apm.NTServiceEndpoint:ITDSVRNADIA01.intellidyne-llc.local;cshost,Management Configuration Service,3AEAD251-935D-EC50-1B2E-9212BF99011D,198,1033,1,cshost,ITDSVRNADIA01.intellidyne-llc.local,1
Management Configuration Service,2022-01-20 21:38:07,Microsoft.SystemCenter.ManagementConfigurationService:ITDSVRNADIA01.intellidyne-llc.local;cshost,Management Configuration Service,FB529FE0-F3B5-4F1F-6CD2-B0D0D0C246FD,220,1263,1,cshost,ITDSVRNADIA01.intellidyne-llc.local,1
Management Configuration Service Group,2022-01-20 21:38:07,Microsoft.SystemCenter.ManagementConfigurationServiceGroup,Management Configuration Service Group,38D48350-6BBC-D158-E217-2237AF53D611,221,1264,1,,,1
ManagementPackActionType,2022-01-20 20:53:09,System.ExtensionType:3|||ManagementPackActionType||,ManagementPackActionType,EF09733F-1F9B-40DC-2DB1-9B370569DE0B,24,29,1,3|||ManagementPackActionType||,,1
ManagementPackCubeAction,2022-01-20 20:53:09,System.ExtensionType:3|||ManagementPackCubeAction||,ManagementPackCubeAction,BD04F34E-124B-FB57-33A5-586E98EA9FA6,61,29,1,3|||ManagementPackCubeAction||,,1
ManagementPackCubeSubstitutionType,2022-01-20 20:53:09,System.ExtensionType:3|||ManagementPackCubeSubstitutionType||,ManagementPackCubeSubstitutionType,A7C1704A-AC6D-1FD7-0A1B-0B44E593C9C2,68,29,1,3|||ManagementPackCubeSubstitutionType||,,1
ManagementPackCustomMeasureType,2022-01-20 20:53:09,System.ExtensionType:3|||ManagementPackCustomMeasureType||,ManagementPackCustomMeasureType,3035B353-5066-8D82-2410-7919BFF69DB7,30,29,1,3|||ManagementPackCustomMeasureType||,,1
ManagementPackDrillThroughPropertyType,2022-01-20 20:53:09,System.ExtensionType:3|||ManagementPackDrillThroughPropertyType||,ManagementPackDrillThroughPropertyType,B1CAE3A6-A042-7800-698F-DC88BC1481A9,8,29,1,3|||ManagementPackDrillThroughPropertyType||,,1
ManagementPackElement,2022-01-20 20:53:09,System.ExtensionType:3|||ManagementPackElement||,ManagementPackElement,86C2A82F-97E7-8EEB-9B93-A549B593C297,25,29,1,3|||ManagementPackElement||,,1
ManagementPackKeyPerformanceIndicatorType,2022-01-20 20:53:09,System.ExtensionType:3|||ManagementPackKeyPerformanceIndicatorType||,ManagementPackKeyPerformanceIndicatorType,253C23C6-206F-7BEA-92E0-CEB2203F3C78,14,29,1,3|||ManagementPackKeyPerformanceIndicatorType||,,1
ManagementPackManyToManyRelationshipType,2022-01-20 20:53:09,System.ExtensionType:3|||ManagementPackManyToManyRelationshipType||,ManagementPackManyToManyRelationshipType,D9D21DAB-C002-8BDB-A900-41C6FC9E2587,50,29,1,3|||ManagementPackManyToManyRelationshipType||,,1
ManagementPackNamedCalculationType,2022-01-20 20:53:09,System.ExtensionType:3|||ManagementPackNamedCalculationType||,ManagementPackNamedCalculationType,D49DAE16-0A13-C152-681D-4D82094417D6,54,29,1,3|||ManagementPackNamedCalculationType||,,1
ManagementPackSubElement,2022-01-20 20:53:09,System.ExtensionType:3|||ManagementPackSubElement||,ManagementPackSubElement,F321F5AE-B419-849C-8AAA-8A2217F0F656,32,29,1,3|||ManagementPackSubElement||,,1
ManyToManyRelationship,2022-01-20 20:53:09,"System.ExtensionType:ManyToManyRelationship,3|||ManagementPackManyToManyRelationshipType||,3|||ManyToManyRelationshipsType||",ManyToManyRelationship,689487A4-4B6D-45A4-810F-E17F2DFB9EB3,6,29,1,"ManyToManyRelationship,3|||ManagementPackManyToManyRelationshipType||,3|||ManyToManyRelationshipsType||",,1
ManyToManyRelationships,2022-01-20 20:53:09,"System.ExtensionType:ManyToManyRelationships,3|||ManyToManyRelationshipsType||,3|||CubeExtension||",ManyToManyRelationships,B7A411D7-CC67-483D-1D12-E7EA805AA2AB,12,29,1,"ManyToManyRelationships,3|||ManyToManyRelationshipsType||,3|||CubeExtension||",,1
ManyToManyRelationships,2022-01-20 20:53:09,"System.ExtensionType:ManyToManyRelationships,3|||ManyToManyRelationshipsType||,3|||SystemCenterCube||",ManyToManyRelationships,F1007621-58AD-446A-D2C6-2EFE31969362,97,29,1,"ManyToManyRelationships,3|||ManyToManyRelationshipsType||,3|||SystemCenterCube||",,1
ManyToManyRelationshipsType,2022-01-20 20:53:09,System.ExtensionType:3|||ManyToManyRelationshipsType||,ManyToManyRelationshipsType,F5D3C710-F684-C440-F23B-16C92AE5703B,41,29,1,3|||ManyToManyRelationshipsType||,,1
Measure,2022-01-20 20:53:09,"System.ExtensionType:Measure,3|||ManagementPackCustomMeasureType||,3|||MeasuresType||",Measure,7A77AF66-2368-B7E0-6CDE-E08D36CC32B6,5,29,1,"Measure,3|||ManagementPackCustomMeasureType||,3|||MeasuresType||",,1
MeasureGroup,2022-01-20 20:53:09,"System.ExtensionType:MeasureGroup,3|||MeasureGroupReference||,4|||SystemCenterCube/MeasureGroups||",MeasureGroup,05CD47F5-3750-1086-8E51-5FB05F8A595B,100,29,1,"MeasureGroup,3|||MeasureGroupReference||,4|||SystemCenterCube/MeasureGroups||",,1
MeasureGroupName,2022-01-20 20:53:09,"System.ExtensionType:MeasureGroupName,3|||String||,3|||ManagementPackActionType||",MeasureGroupName,759ACE9B-A204-B52E-72AF-08E875FC942D,44,29,1,"MeasureGroupName,3|||String||,3|||ManagementPackActionType||",,1
MeasureGroupName,2022-01-20 20:53:09,"System.ExtensionType:MeasureGroupName,3|||String||,3|||ManagementPackCubeSubstitutionType||",MeasureGroupName,C400BAAB-3DD7-4060-5A0A-BFD57C3C5F3A,83,29,1,"MeasureGroupName,3|||String||,3|||ManagementPackCubeSubstitutionType||",,1
MeasureGroupReference,2022-01-20 20:53:09,System.ExtensionType:3|||MeasureGroupReference||,MeasureGroupReference,582BD945-B669-660A-64AF-C21582FA0C8D,84,29,1,3|||MeasureGroupReference||,,1
MeasureGroups,2022-01-20 20:53:09,"System.ExtensionType:MeasureGroups,4|||SystemCenterCube/MeasureGroups||,3|||SystemCenterCube||",MeasureGroups,6DCDC2D1-6D6B-AF1A-72E0-BEB84D2AAECB,82,29,1,"MeasureGroups,4|||SystemCenterCube/MeasureGroups||,3|||SystemCenterCube||",,1
Measures,2022-01-20 20:53:09,"System.ExtensionType:Measures,3|||MeasuresType||,3|||CubeExtension||",Measures,7AFD1B71-0D60-8FE2-21D6-AE1E5EFFA390,20,29,1,"Measures,3|||MeasuresType||,3|||CubeExtension||",,1
Measures,2022-01-20 20:53:09,"System.ExtensionType:Measures,3|||MeasuresType||,3|||SystemCenterCube||",Measures,161680CD-0A78-D627-08B6-73A2781B6FFD,104,29,1,"Measures,3|||MeasuresType||,3|||SystemCenterCube||",,1
MeasuresType,2022-01-20 20:53:09,System.ExtensionType:3|||MeasuresType||,MeasuresType,5FC397EA-3A2C-5E03-429B-604F0F31B11F,36,29,1,3|||MeasuresType||,,1
MeasureTypes,2022-01-20 20:53:09,System.ExtensionType:3|||MeasureTypes||,MeasureTypes,553E1B86-964C-3A39-DFCF-3D9519E5D1E7,113,29,1,3|||MeasureTypes||,,1
Microsoft System Center Advisor Monitoring Server Group,2022-01-20 21:28:07,Microsoft.SystemCenter.Advisor.Library.ServerOptInOutGroup,Microsoft System Center Advisor Monitoring Server Group,D0ABAA4C-CEE0-B1C9-5610-A7CA3F8B1079,200,1045,1,,,1
Microsoft System Center Data Warehouse,2022-01-20 20:58:27,Microsoft.SystemCenter.DataWarehouse,Microsoft System Center Data Warehouse,16781F33-F72D-033C-1DF4-65A2AFF32CA3,153,145,1,,,1
Microsoft Windows 10 Pro,2022-02-15 23:07:40,Microsoft.Windows.OperatingSystem:VMNADIATEST1.intellidyne-llc.local,Microsoft Windows 10 Pro,25125CAA-767E-BD63-C9EB-5B334E4D06B3,1259,62,1,,VMNADIATEST1.intellidyne-llc.local,1
Microsoft Windows 10 Pro,2022-02-16 14:57:19,Microsoft.Windows.OperatingSystem:VMNADIATEST2.intellidyne-llc.local,Microsoft Windows 10 Pro,C8E6A1E7-B944-6FCA-FCE6-4972EA28D12E,1268,62,1,,VMNADIATEST2.intellidyne-llc.local,1
Microsoft Windows Server 2019 Datacenter,2022-01-20 20:57:57,Microsoft.Windows.OperatingSystem:ITDSVRNADIA01.intellidyne-llc.local,Microsoft Windows Server 2019 Datacenter,8DF2E722-AE46-ED9A-C080-C7297414CB3D,150,62,1,,ITDSVRNADIA01.intellidyne-llc.local,1
Microsoft Windows Server 2019 Datacenter,2022-02-15 21:52:40,Microsoft.Windows.OperatingSystem:NADIATESTSVR1.intellidyne-llc.local,Microsoft Windows Server 2019 Datacenter,2FFAE5A4-3AC1-05D1-9DC9-5D9EB6C92E2B,1246,62,1,,NADIATESTSVR1.intellidyne-llc.local,1
Microsoft.SystemCenter.AgentWatchersGroup,2022-01-20 20:57:57,Microsoft.SystemCenter.HealthServiceWatchersGroup:Microsoft.SystemCenter.AgentWatchersGroup,Microsoft.SystemCenter.AgentWatchersGroup,8DD68103-6EE8-2654-2C32-BB9339A8E53B,122,104,1,Microsoft.SystemCenter.AgentWatchersGroup,,1
Microsoft.SystemCenter.Apm.CsmAgent,2022-01-20 21:19:27,Microsoft.SystemCenter.Apm.CsmAgent:ITDSVRNADIA01.intellidyne-llc.local,Microsoft.SystemCenter.Apm.CsmAgent,E7D686A2-6447-1B3E-9D54-1764D8C20141,187,964,1,,ITDSVRNADIA01.intellidyne-llc.local,1
Microsoft.SystemCenter.Apm.CsmAgent,2022-02-16 11:34:49,Microsoft.SystemCenter.Apm.CsmAgent:NADIATESTSVR1.intellidyne-llc.local,Microsoft.SystemCenter.Apm.CsmAgent,6E4F7BD5-3218-52BB-B8F7-E95B516A8F98,1260,964,1,,NADIATESTSVR1.intellidyne-llc.local,1
Microsoft.SystemCenter.CollectionManagementServerWatcherGroup,2022-01-20 20:57:57,Microsoft.SystemCenter.HealthServiceWatchersGroup:Microsoft.SystemCenter.CollectionManagementServerWatcherGroup,Microsoft.SystemCenter.CollectionManagementServerWatcherGroup,86C1B033-CB86-6C51-2BB1-E041CFF48671,120,104,1,Microsoft.SystemCenter.CollectionManagementServerWatcherGroup,,1
Microsoft.SystemCenter.NotificationServer,2022-01-20 21:31:07,Microsoft.SystemCenter.NotificationServer:ITDSVRNADIA01.intellidyne-llc.local,Microsoft.SystemCenter.NotificationServer,1D2A577F-0A1E-42E4-6CCF-BCEF641EA84B,207,1060,1,,ITDSVRNADIA01.intellidyne-llc.local,1
Microsoft.SystemCenter.SubscriptionWorkflowTarget,2022-01-20 20:57:57,Microsoft.SystemCenter.SubscriptionWorkflowTarget,Microsoft.SystemCenter.SubscriptionWorkflowTarget,A2A24426-1C31-3A8F-EA39-D316A83C8EF9,116,138,1,,,1
Microsoft.SystemCenter.Warehouse.Dimension.ProcessingInterval,2022-01-20 21:04:57,Microsoft.SystemCenter.Warehouse.Dimension.ProcessingInterval,Microsoft.SystemCenter.Warehouse.Dimension.ProcessingInterval,2DE7A96C-8C80-1182-E66B-4249074E119A,163,219,1,,,1
Microsoft.SystemCenter.WorkflowFoundation.WorkflowTarget,2022-01-20 21:11:57,Microsoft.SystemCenter.WorkflowFoundation.WorkflowTarget,Microsoft.SystemCenter.WorkflowFoundation.WorkflowTarget,351A1225-D47F-D3A6-152B-5CA5B54232F6,176,919,1,,,1
MSSQL Reporting Services: Deployment Group,2022-01-21 17:19:01,Microsoft.SQLServer.ReportingServices.Core.DeploymentGroup,MSSQL Reporting Services: Deployment Group,C3CDE884-49DC-070A-5C3C-68C4C6E20205,231,1314,1,,,1
MSSQL Reporting Services: Reporting Services Alerts Scope Group,2022-01-21 17:19:01,Microsoft.SQLServer.ReportingServices.Core.ReportingServicesAlertsScopeGroup,MSSQL Reporting Services: Reporting Services Alerts Scope Group,DBBF259F-966A-E212-AE9A-0EC16A8E5C80,232,1315,1,,,1
MSSQL: Generic DB Engine Group,2022-01-21 17:17:58,Microsoft.SQLServer.Core.DBEngineGroup,MSSQL: Generic DB Engine Group,7D53396E-C78E-EB02-0E09-A0A9655E72B5,227,1293,1,,,1
MSSQL: Generic Server Roles Group,2022-01-21 17:17:58,Microsoft.SQLServer.Core.ServerRolesGroup,MSSQL: Generic Server Roles Group,CFFA7840-5CA6-2465-544A-E6AFD0D28070,228,1305,1,,,1
MSSQL: Generic SQL Server Express DB Engine Group,2022-01-21 17:17:58,Microsoft.SQLServer.Core.DBEngineExpressGroup,MSSQL: Generic SQL Server Express DB Engine Group,A7A39F19-C726-080D-4E38-2E92C82E5030,226,1292,1,,,1
NADIATESTSVR1.intellidyne-llc.local,2022-02-15 21:47:10,Microsoft.SystemCenter.HealthServiceWatcher:Microsoft.SystemCenter.AgentWatchersGroup;2d0def64-e0a6-8759-2530-a0cafcf2daed,NADIATESTSVR1.intellidyne-llc.local,7949BC1F-F46D-362E-73E1-75BC91BDDDE2,1242,103,1,2d0def64-e0a6-8759-2530-a0cafcf2daed,Microsoft.SystemCenter.AgentWatchersGroup,1
NADIATESTSVR1.intellidyne-llc.local,2022-02-15 21:47:10,Microsoft.SystemCenter.ManagementService:2d0def64-e0a6-8759-2530-a0cafcf2daed,NADIATESTSVR1.intellidyne-llc.local,3CB13F0A-1F03-0D5D-9DA5-82F079DE6386,1243,120,1,2d0def64-e0a6-8759-2530-a0cafcf2daed,,1
NADIATESTSVR1.intellidyne-llc.local,2022-02-15 21:47:10,Microsoft.SystemCenter.UserActionManager:ITDSVRNADIA01.intellidyne-llc.local;NADIATESTSVR1.intellidyne-llc.local,NADIATESTSVR1.intellidyne-llc.local,CD76035F-05DA-FF30-F773-63082088A3F7,1244,141,1,NADIATESTSVR1.intellidyne-llc.local,ITDSVRNADIA01.intellidyne-llc.local,1
NADIATESTSVR1.intellidyne-llc.local,2022-02-15 21:47:10,Microsoft.Windows.Computer:NADIATESTSVR1.intellidyne-llc.local,NADIATESTSVR1.intellidyne-llc.local,64636180-AE53-B6C3-BEF3-343A80BB8636,1241,53,1,NADIATESTSVR1.intellidyne-llc.local,,1
NADIATESTSVR1.intellidyne-llc.local,2022-02-15 21:47:40,Microsoft.SystemCenter.HealthService:NADIATESTSVR1.intellidyne-llc.local,NADIATESTSVR1.intellidyne-llc.local,2D0DEF64-E0A6-8759-2530-A0CAFCF2DAED,1245,101,1,,NADIATESTSVR1.intellidyne-llc.local,1
NADIATESTSVR1.intellidyne-llc.local,2022-02-15 22:03:40,LW.Microsoft.3rdParty.Calcomp.CHS:NADIATESTSVR1.intellidyne-llc.local,NADIATESTSVR1.intellidyne-llc.local,820659FC-4412-B9AD-47EF-DA68EFDB83C1,1250,1091,1,,NADIATESTSVR1.intellidyne-llc.local,1
NADIATESTSVR1.intellidyne-llc.local,2022-02-15 22:03:40,LW.Microsoft.Windows.Defender.Role.2016:NADIATESTSVR1.intellidyne-llc.local,NADIATESTSVR1.intellidyne-llc.local,0C420942-257F-F2CE-3F9B-6A6022C63AF2,1248,1153,1,,NADIATESTSVR1.intellidyne-llc.local,1
NADIATESTSVR1.intellidyne-llc.local,2022-02-15 22:03:40,LW.Microsoft.Windows.MSDTC.2016:NADIATESTSVR1.intellidyne-llc.local,NADIATESTSVR1.intellidyne-llc.local,6BB9BB1A-4D28-4588-B40D-5C1A5BA396DD,1249,1169,1,,NADIATESTSVR1.intellidyne-llc.local,1
NADIATESTSVR1.intellidyne-llc.local,2022-02-16 11:35:49,Microsoft.SystemCenter.Apm.ApmAgent:NADIATESTSVR1.intellidyne-llc.local,NADIATESTSVR1.intellidyne-llc.local,2B2301B4-4114-BAD0-93D7-8F8A481A8A1A,1261,962,1,,NADIATESTSVR1.intellidyne-llc.local,1
NADIATESTSVR1.intellidyne-llc.local.Microsoft Monitoring Agent,2022-02-15 21:53:40,Microsoft.SystemCenter.Installed.OMProducts:NADIATESTSVR1.intellidyne-llc.local;NADIATESTSVR1.intellidyne-llc.local.Microsoft Monitoring Agent,NADIATESTSVR1.intellidyne-llc.local.Microsoft Monitoring Agent,AC291F00-B605-69F6-6CBC-02EF3F45F2BE,1247,1048,1,NADIATESTSVR1.intellidyne-llc.local.Microsoft Monitoring Agent,NADIATESTSVR1.intellidyne-llc.local,1
NamedCalculation,2022-01-20 20:53:09,"System.ExtensionType:NamedCalculation,3|||ManagementPackNamedCalculationType||,3|||NamedCalculationsType||",NamedCalculation,A8FDEFC8-3BD1-4641-611A-D5FE5E3D60F0,16,29,1,"NamedCalculation,3|||ManagementPackNamedCalculationType||,3|||NamedCalculationsType||",,1
NamedCalculations,2022-01-20 20:53:09,"System.ExtensionType:NamedCalculations,3|||NamedCalculationsType||,3|||CubeExtension||",NamedCalculations,321C3359-04AA-4A59-8E4A-12C8E66E2F03,46,29,1,"NamedCalculations,3|||NamedCalculationsType||,3|||CubeExtension||",,1
NamedCalculations,2022-01-20 20:53:09,"System.ExtensionType:NamedCalculations,3|||NamedCalculationsType||,3|||SystemCenterCube||",NamedCalculations,176C005C-9E5E-3EAA-CB83-6D129CB7CC46,102,29,1,"NamedCalculations,3|||NamedCalculationsType||,3|||SystemCenterCube||",,1
NamedCalculationsType,2022-01-20 20:53:09,System.ExtensionType:3|||NamedCalculationsType||,NamedCalculationsType,08F019EF-9C82-5B17-F789-6399AD4FA849,39,29,1,3|||NamedCalculationsType||,,1
Network Device Group,2022-01-20 21:07:27,Microsoft.SystemCenter.NetworkDeviceGroup,Network Device Group,95E22E89-B2D9-98FB-2DB8-A304194DED96,174,903,1,,,1
Network Discovery Servers,2022-01-20 21:06:57,System.NetworkManagement.NetworkMonitoring.Group,Network Discovery Servers,A788D7B1-F402-E039-3B07-3A9FECC5B8B3,169,739,1,,,1
No agents discovered.,2022-01-20 21:36:07,Microsoft.SystemCenter.AgentVersions:No agents discovered.,No agents discovered.,A4401E47-9471-67E3-B9C4-3E643445CEDD,213,1085,1,No agents discovered.,,1
None,2022-01-20 20:53:09,"System.ExtensionType:None,3|||EnumerationValue||,3|||RelationshipEndPointType||",None,DA302AD4-6D7F-D6E3-69C7-51132ED5912F,73,29,1,"None,3|||EnumerationValue||,3|||RelationshipEndPointType||",,1
Notifications Resource Pool,2022-01-20 21:31:07,Microsoft.SystemCenter.NotificationsResourcePool,Notifications Resource Pool,3F9F97EA-E584-B0EE-A4C9-78A86FB4F21F,209,1061,1,,,1
Notifications Resource Pool Watcher,2022-01-20 20:58:27,Microsoft.SystemCenter.ManagementServicePoolWatcher:{3F9F97EA-E584-B0EE-A4C9-78A86FB4F21F},Notifications Resource Pool Watcher,F3D50E39-6C56-2655-A30A-C63E39CB34C7,155,123,1,{3F9F97EA-E584-B0EE-A4C9-78A86FB4F21F},,1
Operations Database,2022-01-20 20:57:57,Microsoft.SystemCenter.OpsMgrDBWatchersGroup,Operations Database,72CBEEB6-6D2C-77F8-6577-64C7EC996E3F,136,129,1,,,1
Operations Manager Agent Managed Computer Group,2022-01-20 20:57:57,Microsoft.SystemCenter.AgentManagedComputerGroup,Operations Manager Agent Managed Computer Group,1CDA808E-5B0E-D25E-5275-3C8B136D62ED,132,79,1,,,1
Operations Manager Agents,2022-01-20 20:57:57,Microsoft.SystemCenter.AgentManagedGroup,Operations Manager Agents,8261ECE3-13B5-11FE-6660-287A48DB561D,130,80,1,,,1
Operations Manager APM Data Transfer Service,2022-01-20 21:19:27,Microsoft.SystemCenter.Apm.DataTransferService,Operations Manager APM Data Transfer Service,CB29ECDE-BCE8-2213-D5DD-0353116EDA6B,186,966,1,,,1
Operations Manager Collection Management Server Computer Group,2022-01-20 20:57:57,Microsoft.SystemCenter.CollectionManagementServerComputersGroup,Operations Manager Collection Management Server Computer Group,9304F671-1619-9B83-97AB-B2613561C1A7,143,87,1,,,1
Operations Manager Gateway Server Computer Group,2022-01-20 20:57:57,Microsoft.SystemCenter.GatewayManagementServerComputersGroup,Operations Manager Gateway Server Computer Group,227E113E-C325-3E61-2371-DFD094CC7C67,145,97,1,,,1
Operations Manager Gateway Servers,2022-01-20 20:57:57,Microsoft.SystemCenter.GatewayServerGroup,Operations Manager Gateway Servers,096217F1-62CF-33EF-0781-E434C1D29B18,146,100,1,,,1
Operations Manager Health Services Group,2022-01-20 20:57:57,Microsoft.SystemCenter.HealthServicesGroup,Operations Manager Health Services Group,C5F78E23-0C16-5FBA-C925-0D226169D86A,126,102,1,,,1
Operations Manager Managed Computer Client Health Service Watcher Group,2022-01-20 20:57:57,Microsoft.SystemCenter.ManagedComputerClientHealthServiceWatcherGroup,Operations Manager Managed Computer Client Health Service Watcher Group,D57DAA29-063F-6379-7EE0-12E7A3982DA0,128,112,1,,,1
Operations Manager Management Group,2022-01-20 20:57:57,Microsoft.SystemCenter.ManagementGroup,Operations Manager Management Group,6B1D1BE8-EBB4-B425-08DC-2385C5930B04,129,115,1,,,1
Operations Manager Management Server Computer Group,2022-01-20 20:57:57,Microsoft.SystemCenter.ManagementServerComputersGroup,Operations Manager Management Server Computer Group,B9994504-06CD-A393-7A81-D450D9CE5A58,144,117,1,,,1
Operations Manager Management Servers,2022-01-20 20:57:57,Microsoft.SystemCenter.ManagementServersGroup,Operations Manager Management Servers,C7C46C36-4ADF-76E2-C3E7-706B1B2D5520,137,118,1,,,1
Operations Manager Network ICMP Only Devices,2022-01-20 21:06:57,System.NetworkManagement.IcmpOnlyGroup,Operations Manager Network ICMP Only Devices,12DDEEB2-F0CB-95EB-AAAF-EF1B79D66479,166,637,1,,,1
Operations Manager Network SNMP Only Devices,2022-01-20 21:06:57,System.NetworkManagement.SNMPOnlyGroup,Operations Manager Network SNMP Only Devices,91B16040-6AE1-FC04-54DF-B1CC044DCAF6,171,813,1,,,1
Operations Manager Root Management Server Emulator Computer Group,2022-01-20 20:57:57,Microsoft.SystemCenter.RootManagementServerComputersGroup,Operations Manager Root Management Server Emulator Computer Group,7CE42584-1DE7-4863-EBC0-61B67B241707,135,134,1,,,1
Performance data set,2022-01-20 21:00:27,Microsoft.SystemCenter.DataWarehouse.DataSet:6caf3703-eb8d-4d0f-8e20-a0f232c4bb00,Performance data set,0C351B31-BE3D-DA51-1880-A742E4A87837,159,147,1,6caf3703-eb8d-4d0f-8e20-a0f232c4bb00,,1
Property,2022-01-20 20:53:09,"System.ExtensionType:Property,3|||ManagementPackDrillThroughPropertyType||,3|||DrillthroughColumnType||",Property,A17CD5C8-93E9-7EE4-21A1-54044C40EC63,56,29,1,"Property,3|||ManagementPackDrillThroughPropertyType||,3|||DrillthroughColumnType||",,1
Property,2022-01-20 20:53:09,"System.ExtensionType:Property,3|||String||,3|||ManagementPackCustomMeasureType||",Property,3191ABCA-6D34-FC0B-7829-0C89EAA1FF76,45,29,1,"Property,3|||String||,3|||ManagementPackCustomMeasureType||",,1
PropertyName,2022-01-20 20:53:09,"System.ExtensionType:PropertyName,3|||String||,3|||ManagementPackDrillThroughPropertyType||",PropertyName,BB417E8D-D2DA-A1B0-2840-FE202B67B283,4,29,1,"PropertyName,3|||String||,3|||ManagementPackDrillThroughPropertyType||",,1
Relationship,2022-01-20 20:53:09,"System.ExtensionType:Relationship,3|||Reference||,3|||ManagementPackCubeSubstitutionType||",Relationship,F14DA4BF-432C-BF20-D99F-A7B6C89B324A,80,29,1,"Relationship,3|||Reference||,3|||ManagementPackCubeSubstitutionType||",,1
RelationshipEndPoint,2022-01-20 20:53:09,"System.ExtensionType:RelationshipEndPoint,3|||RelationshipEndPointType||,3|||ManagementPackCubeSubstitutionType||",RelationshipEndPoint,6CFCDD08-7621-8C46-5248-BA60D20F7163,79,29,1,"RelationshipEndPoint,3|||RelationshipEndPointType||,3|||ManagementPackCubeSubstitutionType||",,1
RelationshipEndPointType,2022-01-20 20:53:09,System.ExtensionType:3|||RelationshipEndPointType||,RelationshipEndPointType,B0E7A2B6-54A9-E5CE-F4AE-91328F315894,87,29,1,3|||RelationshipEndPointType||,,1
Relay Network Adapters Group,2022-01-20 21:06:57,System.NetworkManagement.RelayNetworkAdapterGroup,Relay Network Adapters Group,10CF561C-A47C-41DA-10F6-072C2B742DC3,170,795,1,,,1
ReplacementDimension,2022-01-20 20:53:09,"System.ExtensionType:ReplacementDimension,3|||Reference||,3|||ManagementPackCubeSubstitutionType||",ReplacementDimension,D172F052-9F16-86D4-FECF-64469ADA2DBA,101,29,1,"ReplacementDimension,3|||Reference||,3|||ManagementPackCubeSubstitutionType||",,1
Report Console Watcher(ITDSVRNADIA01.intellidyne-llc.local),2022-01-20 21:49:58,Microsoft.SystemCenter.ReportConsoleWatcher:ITDSVRNADIA01.intellidyne-llc.local,Report Console Watcher(ITDSVRNADIA01.intellidyne-llc.local),E61C2A6D-E371-B49B-A23C-E39419006ECF,224,132,1,,ITDSVRNADIA01.intellidyne-llc.local,1
Reporting,2022-01-20 20:53:09,"System.ExtensionType:Reporting,3|||EnumerationValue||,3|||ManagementPackCubeAction||",Reporting,A6A732D3-7733-1C6D-F2FE-668BF0BCC231,90,29,1,"Reporting,3|||EnumerationValue||,3|||ManagementPackCubeAction||",,1
ReversedGauge,2022-01-20 20:53:09,"System.ExtensionType:ReversedGauge,3|||EnumerationValue||,3|||StatusGraphic||",ReversedGauge,F4346EBF-14CD-F1DE-0556-BAC71548C0C4,105,29,1,"ReversedGauge,3|||EnumerationValue||,3|||StatusGraphic||",,1
RoadSigns,2022-01-20 20:53:09,"System.ExtensionType:RoadSigns,3|||EnumerationValue||,3|||StatusGraphic||",RoadSigns,6D90F24C-5712-8C9D-BAB5-118224DDD89A,95,29,1,"RoadSigns,3|||EnumerationValue||,3|||StatusGraphic||",,1
Shapes,2022-01-20 20:53:09,"System.ExtensionType:Shapes,3|||EnumerationValue||,3|||StatusGraphic||",Shapes,D3E4E92A-F6C8-59C0-FC54-CC2F6D0A6559,88,29,1,"Shapes,3|||EnumerationValue||,3|||StatusGraphic||",,1
Source,2022-01-20 20:53:09,"System.ExtensionType:Source,3|||EnumerationValue||,3|||RelationshipEndPointType||",Source,8BCCCD33-36A2-8BC9-E614-15ECA9EF7709,76,29,1,"Source,3|||EnumerationValue||,3|||RelationshipEndPointType||",,1
SQL Server Alerts Scope Group,2022-01-21 17:17:58,Microsoft.SQLServer.Core.SQLServerAlertsScopeGroup,SQL Server Alerts Scope Group,B84CF824-FBE1-A792-3501-F387FC1525AA,229,1307,1,,,1
SQL Server Monitoring Pool,2022-01-21 17:17:58,Microsoft.SQLServer.Core.SQLMonitoringPool,SQL Server Monitoring Pool,C6F133A3-530D-4BD1-C365-0FE277D61DC8,230,1306,1,,,1
SQL Server Monitoring Pool Watcher,2022-01-21 17:25:28,Microsoft.SystemCenter.ManagementServicePoolWatcher:{C6F133A3-530D-4BD1-C365-0FE277D61DC8},SQL Server Monitoring Pool Watcher,F3A3A0B7-9E08-A41E-2B20-2760B1CF0F13,235,123,1,{C6F133A3-530D-4BD1-C365-0FE277D61DC8},,1
State data set,2022-01-20 21:01:57,Microsoft.SystemCenter.DataWarehouse.DataSet:f1794dcb-fb33-484f-a0ad-fae6c8ca5907,State data set,E880F6B9-EF27-8E0E-1D2F-D7CA44B59D34,160,147,1,f1794dcb-fb33-484f-a0ad-fae6c8ca5907,,1
StatusGraphic,2022-01-20 20:53:09,System.ExtensionType:3|||StatusGraphic||,StatusGraphic,CD5BE3DD-DFCC-92C4-D9ED-E6599C7EBC0F,75,29,1,3|||StatusGraphic||,,1
StatusGraphic,2022-01-20 20:53:09,"System.ExtensionType:StatusGraphic,3|||StatusGraphic||,3|||ManagementPackKeyPerformanceIndicatorType||",StatusGraphic,C3557B66-4D65-5EA1-09FF-380FAE874718,42,29,1,"StatusGraphic,3|||StatusGraphic||,3|||ManagementPackKeyPerformanceIndicatorType||",,1
String,2022-01-20 20:53:09,"System.ExtensionType:String,3|||EnumerationValue||,3|||ColumnTypes||",String,789B8499-A240-00B2-4E03-5104CE8716B9,62,29,1,"String,3|||EnumerationValue||,3|||ColumnTypes||",,1
Substitution,2022-01-20 20:53:09,"System.ExtensionType:Substitution,3|||ManagementPackCubeSubstitutionType||,3|||SubstitutionsType||",Substitution,FC6A72BF-C1AB-2298-37FB-39B943405326,98,29,1,"Substitution,3|||ManagementPackCubeSubstitutionType||,3|||SubstitutionsType||",,1
Substitutions,2022-01-20 20:53:09,"System.ExtensionType:Substitutions,3|||SubstitutionsType||,3|||SystemCenterCube||",Substitutions,83BE4119-6D41-09B9-27F9-A699F7D40812,63,29,1,"Substitutions,3|||SubstitutionsType||,3|||SystemCenterCube||",,1
SubstitutionsType,2022-01-20 20:53:09,System.ExtensionType:3|||SubstitutionsType||,SubstitutionsType,26C477D2-7701-53DA-6845-6EF5C4E7AD0E,103,29,1,3|||SubstitutionsType||,,1
Sum,2022-01-20 20:53:09,"System.ExtensionType:Sum,3|||EnumerationValue||,3|||MeasureTypes||",Sum,6E430CEC-5D7E-2AB1-0D8F-8F6C3A9086B5,96,29,1,"Sum,3|||EnumerationValue||,3|||MeasureTypes||",,1
SystemCenterCube,2022-01-20 20:53:09,System.ExtensionType:3|||SystemCenterCube||,SystemCenterCube,AB9DA205-6C2A-2FF0-E266-B98FDFB74C1D,72,29,1,3|||SystemCenterCube||,,1
SystemCenterCube/MeasureGroups,2022-01-20 20:53:09,System.ExtensionType:4|||SystemCenterCube/MeasureGroups||,SystemCenterCube/MeasureGroups,46A24DBE-DD71-E2CE-0AC8-1623512A94AF,110,29,1,4|||SystemCenterCube/MeasureGroups||,,1
Target,2022-01-20 20:53:09,"System.ExtensionType:Target,3|||EnumerationValue||,3|||RelationshipEndPointType||",Target,67FBDE52-928C-B741-A59E-0110A733CF97,77,29,1,"Target,3|||EnumerationValue||,3|||RelationshipEndPointType||",,1
Target,2022-01-20 20:53:09,"System.ExtensionType:Target,3|||Reference||,3|||CubeExtension||",Target,B5E5924D-C887-7A04-95A9-E759C1C6BDFD,11,29,1,"Target,3|||Reference||,3|||CubeExtension||",,1
Target,2022-01-20 20:53:09,"System.ExtensionType:Target,3|||Reference||,3|||ManagementPackCustomMeasureType||",Target,37CC9056-E0F5-370B-F9AC-C8AAEF5B30EB,17,29,1,"Target,3|||Reference||,3|||ManagementPackCustomMeasureType||",,1
Target,2022-01-20 20:53:09,"System.ExtensionType:Target,3|||Reference||,3|||ManagementPackNamedCalculationType||",Target,464F3245-ED2C-2654-BBFA-AB05846DA1B5,23,29,1,"Target,3|||Reference||,3|||ManagementPackNamedCalculationType||",,1
TargetDimension,2022-01-20 20:53:09,"System.ExtensionType:TargetDimension,3|||Reference||,3|||ManagementPackCubeSubstitutionType||",TargetDimension,E52F99D3-D05E-1B53-2570-ECCA4760EFF5,86,29,1,"TargetDimension,3|||Reference||,3|||ManagementPackCubeSubstitutionType||",,1
TargetMeasureGroup,2022-01-20 20:53:09,"System.ExtensionType:TargetMeasureGroup,3|||String||,3|||ManagementPackManyToManyRelationshipType||",TargetMeasureGroup,246FCAA2-9B36-0802-6B27-8B249A65F6EE,33,29,1,"TargetMeasureGroup,3|||String||,3|||ManagementPackManyToManyRelationshipType||",,1
There are no agents in the pending management folder. No action necessary,2022-01-20 21:36:07,Microsoft.SystemCenter.AgentConfiguration:There are no agents in the pending management folder. No action necessary,There are no agents in the pending management folder. No action necessary,8E3FBFA1-4E88-CDD3-5245-B2704352A1C7,212,1084,1,There are no agents in the pending management folder. No action necessary,,1
Thermometer,2022-01-20 20:53:09,"System.ExtensionType:Thermometer,3|||EnumerationValue||,3|||StatusGraphic||",Thermometer,49772D41-6005-E0EA-6845-7AFEBAAF8E76,65,29,1,"Thermometer,3|||EnumerationValue||,3|||StatusGraphic||",,1
TrafficLight,2022-01-20 20:53:09,"System.ExtensionType:TrafficLight,3|||EnumerationValue||,3|||StatusGraphic||",TrafficLight,EF1B3CFD-C054-BACF-A3D5-8C0A33EC49D2,94,29,1,"TrafficLight,3|||EnumerationValue||,3|||StatusGraphic||",,1
Type,2022-01-20 20:53:09,"System.ExtensionType:Type,3|||MeasureTypes||,3|||ManagementPackCustomMeasureType||",Type,4795A98A-2ED6-1592-8F3E-DBCAEE400793,7,29,1,"Type,3|||MeasureTypes||,3|||ManagementPackCustomMeasureType||",,1
UNIX/Linux Computer Group,2022-01-20 21:32:37,Microsoft.Unix.ComputerGroup,UNIX/Linux Computer Group,013E1C7D-9045-93BF-F2F2-4D1F9B7CA356,210,1065,1,,,1
Up,2022-01-20 20:53:09,"System.ExtensionType:Up,3|||EnumerationValue||,3|||KPIDirection||",Up,19265801-14DE-D0EE-326B-18798BA7B4DF,93,29,1,"Up,3|||EnumerationValue||,3|||KPIDirection||",,1
Used to control where application failure events will be collected.,2022-01-20 21:20:27,Microsoft.SystemCenter.Apm.AlertAppFailureAspectRule.Group,Used to control where application failure events will be collected.,6EAA36CB-5DAD-0F4E-91B0-13FAAE46B446,190,968,1,,,1
Used to control where connectivity failure events will be collected.,2022-01-20 21:20:27,Microsoft.SystemCenter.Apm.AlertConnectivityAspectRule.Group,Used to control where connectivity failure events will be collected.,82219A54-91F5-6C53-F2BF-437C15FB9AB2,191,969,1,,,1
Value,2022-01-20 20:53:09,"System.ExtensionType:Value,3|||String||,3|||ManagementPackKeyPerformanceIndicatorType||",Value,73DAE48A-8907-1357-AA09-457CC9D35220,47,29,1,"Value,3|||String||,3|||ManagementPackKeyPerformanceIndicatorType||",,1
VarianceArrow,2022-01-20 20:53:09,"System.ExtensionType:VarianceArrow,3|||EnumerationValue||,3|||StatusGraphic||",VarianceArrow,73C4ED55-1955-8FF0-3D39-781C52646425,108,29,1,"VarianceArrow,3|||EnumerationValue||,3|||StatusGraphic||",,1
VMNADIATEST1.intellidyne-llc.local,2022-02-15 22:18:40,Microsoft.SystemCenter.UserActionManager:ITDSVRNADIA01.intellidyne-llc.local;VMNADIATEST1.intellidyne-llc.local,VMNADIATEST1.intellidyne-llc.local,5280338C-5795-E5AA-A724-91DD5912881C,1252,141,1,VMNADIATEST1.intellidyne-llc.local,ITDSVRNADIA01.intellidyne-llc.local,1
VMNADIATEST1.intellidyne-llc.local,2022-02-15 23:01:10,Microsoft.SystemCenter.HealthServiceWatcher:Microsoft.SystemCenter.AgentWatchersGroup;e05f35d6-c6cd-16c3-e2be-04d9f9c24cbf,VMNADIATEST1.intellidyne-llc.local,55992F2C-FA94-F7EE-D3AC-2A276ED70DFF,1255,103,1,e05f35d6-c6cd-16c3-e2be-04d9f9c24cbf,Microsoft.SystemCenter.AgentWatchersGroup,1
VMNADIATEST1.intellidyne-llc.local,2022-02-15 23:01:10,Microsoft.Windows.Computer:VMNADIATEST1.intellidyne-llc.local,VMNADIATEST1.intellidyne-llc.local,E2E5F97C-B4E2-C00F-D697-0B7AA8F108C2,1254,53,1,VMNADIATEST1.intellidyne-llc.local,,1
VMNADIATEST1.intellidyne-llc.local,2022-02-15 23:01:40,Microsoft.SystemCenter.HealthService:VMNADIATEST1.intellidyne-llc.local,VMNADIATEST1.intellidyne-llc.local,E05F35D6-C6CD-16C3-E2BE-04D9F9C24CBF,1256,101,1,,VMNADIATEST1.intellidyne-llc.local,1
VMNADIATEST1.intellidyne-llc.local,2022-02-15 23:01:40,Microsoft.SystemCenter.ManagementService:e05f35d6-c6cd-16c3-e2be-04d9f9c24cbf,VMNADIATEST1.intellidyne-llc.local,E90BDF0C-8CE0-54BB-DEBC-D4F66BB0ECA5,1257,120,1,e05f35d6-c6cd-16c3-e2be-04d9f9c24cbf,,1
VMNADIATEST1.intellidyne-llc.local.Microsoft Monitoring Agent,2022-02-15 23:05:10,Microsoft.SystemCenter.Installed.OMProducts:VMNADIATEST1.intellidyne-llc.local;VMNADIATEST1.intellidyne-llc.local.Microsoft Monitoring Agent,VMNADIATEST1.intellidyne-llc.local.Microsoft Monitoring Agent,1F166D51-7117-ED50-EE67-68B2D31D9C08,1258,1048,1,VMNADIATEST1.intellidyne-llc.local.Microsoft Monitoring Agent,VMNADIATEST1.intellidyne-llc.local,1
VMNADIATEST2.intellidyne-llc.local,2022-02-16 14:54:19,Microsoft.SystemCenter.HealthServiceWatcher:Microsoft.SystemCenter.AgentWatchersGroup;9fb7ba51-d940-599a-4063-14ce99f3bc04,VMNADIATEST2.intellidyne-llc.local,81CA44D7-97C8-DA60-FB60-53FEB2BBB5C1,1265,103,1,9fb7ba51-d940-599a-4063-14ce99f3bc04,Microsoft.SystemCenter.AgentWatchersGroup,1
VMNADIATEST2.intellidyne-llc.local,2022-02-16 14:54:19,Microsoft.SystemCenter.ManagementService:9fb7ba51-d940-599a-4063-14ce99f3bc04,VMNADIATEST2.intellidyne-llc.local,51D874EC-BFCF-D706-4C2C-98A65818AFDB,1264,120,1,9fb7ba51-d940-599a-4063-14ce99f3bc04,,1
VMNADIATEST2.intellidyne-llc.local,2022-02-16 14:54:19,Microsoft.SystemCenter.UserActionManager:ITDSVRNADIA01.intellidyne-llc.local;VMNADIATEST2.intellidyne-llc.local,VMNADIATEST2.intellidyne-llc.local,4B194721-0D49-4216-B67B-C68A9DEBE403,1266,141,1,VMNADIATEST2.intellidyne-llc.local,ITDSVRNADIA01.intellidyne-llc.local,1
VMNADIATEST2.intellidyne-llc.local,2022-02-16 14:54:19,Microsoft.Windows.Computer:VMNADIATEST2.intellidyne-llc.local,VMNADIATEST2.intellidyne-llc.local,9527D8E6-7F33-FB84-A7DE-AA2478BEAE3E,1263,53,1,VMNADIATEST2.intellidyne-llc.local,,1
VMNADIATEST2.intellidyne-llc.local,2022-02-16 14:54:49,Microsoft.SystemCenter.HealthService:VMNADIATEST2.intellidyne-llc.local,VMNADIATEST2.intellidyne-llc.local,9FB7BA51-D940-599A-4063-14CE99F3BC04,1267,101,1,,VMNADIATEST2.intellidyne-llc.local,1
VMNADIATEST2.intellidyne-llc.local.Microsoft Monitoring Agent,2022-02-16 14:57:49,Microsoft.SystemCenter.Installed.OMProducts:VMNADIATEST2.intellidyne-llc.local;VMNADIATEST2.intellidyne-llc.local.Microsoft Monitoring Agent,VMNADIATEST2.intellidyne-llc.local.Microsoft Monitoring Agent,BD3C2A3B-FA68-2F62-36C0-3D285CA440F3,1269,1048,1,VMNADIATEST2.intellidyne-llc.local.Microsoft Monitoring Agent,VMNADIATEST2.intellidyne-llc.local,1
WasDisplayStringUpdated,2022-01-20 20:53:09,"System.ExtensionType:WasDisplayStringUpdated,3|||Boolean||,3|||ManagementPackElement||",WasDisplayStringUpdated,A0BAFB9C-3A0B-3966-3603-34CB7150DCC7,53,29,1,"WasDisplayStringUpdated,3|||Boolean||,3|||ManagementPackElement||",,1
WasDisplayStringUpdated,2022-01-20 20:53:09,"System.ExtensionType:WasDisplayStringUpdated,3|||Boolean||,3|||ManagementPackSubElement||",WasDisplayStringUpdated,5EE82596-952D-6A03-ECC2-2EE6DA638F92,43,29,1,"WasDisplayStringUpdated,3|||Boolean||,3|||ManagementPackSubElement||",,1
Web Console Watcher(ITDSVRNADIA01.intellidyne-llc.local),2022-01-20 20:57:57,Microsoft.SystemCenter.WebConsoleWatcher:ITDSVRNADIA01.intellidyne-llc.local,Web Console Watcher(ITDSVRNADIA01.intellidyne-llc.local),FC621DA1-219F-A233-A7B8-EA00B144AEDE,121,142,1,,ITDSVRNADIA01.intellidyne-llc.local,1
Web URL Watchers Computer Group,2022-01-20 21:07:57,Microsoft.SystemCenter.WebApplication.WebURLWatchersComputerGroup,Web URL Watchers Computer Group,A03D18D9-6EDE-8A14-E5F2-5AC799012D90,175,906,1,,,1
Web User Interfaces,2022-01-20 20:57:57,Microsoft.SystemCenter.WebUserInterfaces.Group,Web User Interfaces,16444B9A-AEBC-786D-D4A0-4AE96FBF27F6,134,143,1,,,1
Windows Client Computer Group,2022-01-20 21:16:27,Microsoft.Windows.Client.ComputerGroup,Windows Client Computer Group,08BDE134-CB83-0B76-AEC8-1B33A36562C5,184,955,1,,,1
Windows Client Instances Group,2022-01-20 21:16:27,Microsoft.Windows.Client.InstanceGroup,Windows Client Instances Group,8764996C-B147-F3C7-B78E-7614EA9C310E,185,957,1,,,1
Windows Server 2012 Computer Group,2022-01-20 21:15:57,Microsoft.Windows.Server.6.2.ComputerGroup,Windows Server 2012 Computer Group,0FAF06D4-2428-47FF-42F1-65227169828E,177,933,1,,,1
Windows Server 2012 Core Computer Group,2022-01-20 21:15:57,Microsoft.Windows.Server.6.2.Core.ComputerGroup,Windows Server 2012 Core Computer Group,4C52E400-5CB7-8569-8BE4-49A81E82198D,178,935,1,,,1
Windows Server 2012 Full Computer Group,2022-01-20 21:15:57,Microsoft.Windows.Server.6.2.Full.ComputerGroup,Windows Server 2012 Full Computer Group,6015832D-AFFA-7A01-10CB-37A37699D904,179,939,1,,,1
Windows Server Computer Group,2022-01-20 21:15:57,Microsoft.Windows.Server.ComputerGroup,Windows Server Computer Group,1D62280E-F437-1369-316B-1E8659500E9A,181,946,1,,,1
Windows Server Instances Group,2022-01-20 21:15:57,Microsoft.Windows.Server.InstanceGroup,Windows Server Instances Group,6AAE6166-5693-98BB-7A34-4E8AB3030636,182,948,1,,,1
Windows Server Instances Only Group,2022-01-20 21:15:57,Microsoft.Windows.Server.InstanceGroupOnly,Windows Server Instances Only Group,5E6A897E-FFFB-EBCD-A34A-420C850C23D4,180,949,1,,,1
YellowThreshold,2022-01-20 20:53:09,"System.ExtensionType:YellowThreshold,3|||Double||,3|||ManagementPackKeyPerformanceIndicatorType||",YellowThreshold,0D400DEE-D895-68A1-6F1D-55B61F17BFD5,57,29,1,"YellowThreshold,3|||Double||,3|||ManagementPackKeyPerformanceIndicatorType||",,1
