﻿RuleRowId,ObjectName,CounterName
6,Process,Percent Processor Time
7,Process,Private Bytes
1200,System,System Up Time
1286,Health Service,Active File Uploads
1287,OpsMgr DB Write Action Modules,Avg. Batch Size
1288,OpsMgr DB Write Action Modules,Avg. Processing Time
1289,Health Service Management Groups,Bind Data Source Item Drop Rate
1290,Health Service Management Groups,Bind Data Source Item Incoming Rate
1291,Health Service,Module Count
1292,Health Service Management Groups,Send Queue % Used
1293,Health Service Management Groups,Send Queue Size
1294,Health Service,Workflow Count
1327,Health Service,agent processor utilization
1702,AgentStateRollup,NumberAgents
1703,ManagementGroupAlerts,AlertsCount
1711,OpsMgr SDK Service,Client Connections
1728,OpsMgr DW Synchronization Module,"Avg. Batch Processing Time, ms"
1729,OpsMgr DW Synchronization Module,Avg. Batch Size
1730,OpsMgr DW Synchronization Module,"Batch Age, sec"
1731,OpsMgr DW Synchronization Module,Batches/sec
1732,OpsMgr DW Synchronization Module,Batch Size
1733,OpsMgr DW Synchronization Module,Data Items/sec
1734,OpsMgr DW Synchronization Module,Errors/sec
1735,OpsMgr DW Synchronization Module,Total Error Count
1736,OpsMgr DW Writer Module,"Avg. Batch Processing Time, ms"
1737,OpsMgr DW Writer Module,Avg. Batch Size
1738,OpsMgr DW Writer Module,Batches/sec
1739,OpsMgr DW Writer Module,Data Items/sec
1740,OpsMgr DW Writer Module,Dropped Batch Count
1741,OpsMgr DW Writer Module,Dropped Data Item Count
1742,OpsMgr DW Writer Module,Errors/sec
1743,OpsMgr DW Writer Module,Total Error Count
1772,SQL RS Instance,CPU Used By SSRS (%)
1773,SQL RS Instance,Working Set Maximum (GB)
1774,SQL RS Instance,Working Set Minimum (GB)
1775,SQL RS Instance,Memory Used By SSRS (GB)
1776,SQL RS Instance,Memory Used By Other Processes (%)
1777,SQL RS Instance,Total Memory on the Server (GB)
1778,SQL RS Instance,Total Memory Used on the Server (GB)
