﻿PerformanceRuleInstanceRowId,RuleRowId,InstanceName
6,1286,""
8,1327,""
25,1291,""
26,1294,""
132,1200,""
133,1775,""
134,1773,""
135,1774,""
136,1776,""
137,1777,""
138,1778,""
139,1772,""
70,1737,alert
71,1738,alert
72,1739,alert
75,1740,alert
79,1741,alert
80,1742,alert
82,1743,alert
103,1736,alert
9,1288,alertwritemodule
10,1287,alertwritemodule
36,1728,config
57,1729,config
58,1730,config
59,1732,config
60,1733,config
74,1735,config
109,1734,config
110,1731,config
27,1702,Critical
1,6,cshost
2,7,cshost
11,1287,discoverywritemodule
14,1288,discoverywritemodule
37,1728,domainsnapshot
63,1730,domainsnapshot
83,1732,domainsnapshot
90,1735,domainsnapshot
104,1729,domainsnapshot
111,1731,domainsnapshot
119,1734,domainsnapshot
126,1733,domainsnapshot
12,1287,eventwritemodule
15,1288,eventwritemodule
38,1728,healthserviceoutage
64,1730,healthserviceoutage
84,1732,healthserviceoutage
91,1735,healthserviceoutage
105,1729,healthserviceoutage
112,1731,healthserviceoutage
120,1734,healthserviceoutage
127,1733,healthserviceoutage
28,1702,Healthy
56,1728,jobstatus
65,1730,jobstatus
85,1732,jobstatus
92,1735,jobstatus
106,1729,jobstatus
113,1731,jobstatus
121,1734,jobstatus
128,1733,jobstatus
39,1728,maintenancemode
66,1730,maintenancemode
86,1732,maintenancemode
93,1735,maintenancemode
107,1729,maintenancemode
114,1731,maintenancemode
122,1734,maintenancemode
129,1733,maintenancemode
40,1728,managedentity
61,1733,managedentity
62,1729,managedentity
67,1730,managedentity
87,1732,managedentity
94,1735,managedentity
115,1731,managedentity
123,1734,managedentity
3,6,Microsoft.Mom.Sdk.ServiceHost
4,7,Microsoft.Mom.Sdk.ServiceHost
6139,1711,microsoft.mom.sdk.servicehost-pid10452
6134,1711,microsoft.mom.sdk.servicehost-pid10692
6137,1711,microsoft.mom.sdk.servicehost-pid2408
6138,1711,microsoft.mom.sdk.servicehost-pid2724
9141,1711,microsoft.mom.sdk.servicehost-pid4384
6136,1711,microsoft.mom.sdk.servicehost-pid4388
5133,1711,microsoft.mom.sdk.servicehost-pid4484
11142,1711,microsoft.mom.sdk.servicehost-pid4508
7140,1711,microsoft.mom.sdk.servicehost-pid4548
3133,1711,microsoft.mom.sdk.servicehost-pid4552
131,1711,microsoft.mom.sdk.servicehost-pid4556
6133,1711,microsoft.mom.sdk.servicehost-pid4576
1133,1711,microsoft.mom.sdk.servicehost-pid4620
34,1711,microsoft.mom.sdk.servicehost-pid4636
11144,1711,microsoft.mom.sdk.servicehost-pid4648
4133,1711,microsoft.mom.sdk.servicehost-pid4680
2133,1711,microsoft.mom.sdk.servicehost-pid4688
10141,1711,microsoft.mom.sdk.servicehost-pid4696
11148,1711,microsoft.mom.sdk.servicehost-pid4740
8140,1711,microsoft.mom.sdk.servicehost-pid4800
11147,1711,microsoft.mom.sdk.servicehost-pid4816
11146,1711,microsoft.mom.sdk.servicehost-pid4928
11143,1711,microsoft.mom.sdk.servicehost-pid5076
6135,1711,microsoft.mom.sdk.servicehost-pid5180
8141,1711,microsoft.mom.sdk.servicehost-pid5356
11149,1711,microsoft.mom.sdk.servicehost-pid5360
11145,1711,microsoft.mom.sdk.servicehost-pid5588
10142,1711,microsoft.mom.sdk.servicehost-pid6496
6140,1711,microsoft.mom.sdk.servicehost-pid808
5,1293,NOMG
7,1292,NOMG
23,1289,NOMG
24,1290,NOMG
29,1702,Not Monitored
35,1737,performance
42,1736,performance
43,1738,performance
44,1739,performance
76,1740,performance
97,1741,performance
100,1743,performance
118,1742,performance
13,1287,performancesignaturewritemodule
16,1288,performancesignaturewritemodule
17,1288,performancewritemodule
20,1287,performancewritemodule
41,1728,relationship
68,1730,relationship
88,1732,relationship
95,1735,relationship
108,1729,relationship
116,1731,relationship
124,1734,relationship
130,1733,relationship
18,1288,sqljobwritemodule
21,1287,sqljobwritemodule
45,1742,state
46,1737,state
47,1738,state
50,1736,state
52,1739,state
77,1740,state
98,1741,state
101,1743,state
19,1288,statechangewritemodule
22,1287,statechangewritemodule
48,1738,system.event.linkeddata
51,1736,system.event.linkeddata
53,1739,system.event.linkeddata
73,1737,system.event.linkeddata
78,1740,system.event.linkeddata
81,1742,system.event.linkeddata
99,1741,system.event.linkeddata
102,1743,system.event.linkeddata
33,1703,Total
30,1702,Total Agent Count
49,1728,typedmanagedentity
54,1729,typedmanagedentity
55,1733,typedmanagedentity
69,1730,typedmanagedentity
89,1732,typedmanagedentity
96,1735,typedmanagedentity
117,1731,typedmanagedentity
125,1734,typedmanagedentity
31,1702,Unavailable
32,1702,Warning
